backend,n,grid_cells_per_player,mean_runtime_seconds,median_runtime_seconds,std_runtime_seconds,CI95_low,CI95_high,completed_repetitions,oom_repetitions,timeout_repetitions,synthetic_scaling_point,representative_memory_requirement
qubit_transpiled,2,4,0.004052737999882083,0.0037505420041270554,0.0007897313750746512,0.0036324414750924915,0.0047739517853551666,5,0,0,True,16384
qutrit_circuit_exact,3,9,0.01977867859968683,0.014315716995042749,0.01699019860661134,0.007433730200864375,0.03422270080045564,5,0,0,False,1259712
qutrit_tableau_clifford,3,9,0.0010343727004510582,0.0010355910017096903,6.228538303883437e-05,0.0010086721942661825,0.001062508423246982,20,0,0,False,2736
qubit_transpiled,3,9,0.19631046979775418,0.20896978699602187,0.023895325306905017,0.17539291079738178,0.21334344299975783,5,0,0,False,16777216
qubit_tableau_transpiled,3,9,0.0013129062012012583,0.0013056304997007828,6.295537970110389e-05,0.0012872026326385822,0.0013393684787661188,20,0,0,False,10656
qutrit_circuit_exact,4,16,14.8788298614003,14.994394911998825,0.8101867293873712,14.245599564998702,15.480327435201616,5,0,0,False,2754990144
qutrit_tableau_clifford,4,16,0.0010579833990050247,0.0010585195013845805,8.199846667340672e-05,0.0010248710303585541,0.00109183369630955,20,0,0,False,8448
qubit_transpiled,4,16,,,,,,0,5,0,False,274877906944
qubit_tableau_transpiled,4,16,0.0013442164003208746,0.0013300825012265705,4.965190405623762e-05,0.0013237783668319026,0.0013666445886428846,20,0,0,False,33280
qutrit_circuit_exact,5,25,,,,,,0,5,0,False,54226471004352
qutrit_tableau_clifford,5,25,0.0011009645502781495,0.0010272825020365417,0.00030859631454509793,0.0010088090654880944,0.001248557235039698,20,0,0,False,20400
qubit_tableau_transpiled,5,25,0.001322927750152303,0.001304992001678329,0.00010790784560587885,0.001279992525196576,0.0013733437543942274,20,0,0,False,80800
qutrit_tableau_clifford,10,100,0.0010888022996368818,0.001087428998289397,5.1438763503319044e-05,0.0010682460388852632,0.0011120395736998034,20,0,0,False,321600
qubit_tableau_transpiled,10,100,0.0016320661507052137,0.0016392939978686627,7.940801344922648e-05,0.0015991333367674089,0.0016650839787052973,20,0,0,False,1283200
qutrit_tableau_clifford,20,400,0.0018754085489490536,0.0017747224992490374,0.00046017634826087366,0.001730420549047267,0.0020963191921418915,20,0,0,False,5126400
qubit_tableau_transpiled,20,400,0.004446211600588867,0.00440326700481819,0.00020699830125858753,0.004365076602334739,0.004542807409916349,20,0,0,False,20492800
qutrit_tableau_clifford,30,900,0.0032347269501769916,0.003213736003090162,0.00024244318559772662,0.0031398822989194743,0.003346583968250343,20,0,0,False,25934400
qubit_tableau_transpiled,30,900,0.00994408950136858,0.009768731502845185,0.0006689749208143061,0.009668249160904452,0.010240163958605992,20,0,0,False,103708800
qutrit_tableau_clifford,60,3600,0.016857419850202858,0.016831808003189508,0.001032865405308186,0.016446934607783986,0.017334519780088157,20,0,0,False,414777600
qubit_tableau_transpiled,60,3600,0.07332059254949855,0.07224121849867515,0.004829364648027062,0.07144817898961264,0.07553568561540487,20,0,0,False,1658995200
