backend,m,grid_cells_per_player,mean_runtime_seconds,median_runtime_seconds,std_runtime_seconds,CI95_low,CI95_high,completed_repetitions,oom_repetitions,timeout_repetitions,synthetic_scaling_point,representative_memory_requirement
qutrit_circuit_exact,4,4,0.0020852964007644914,0.0020756810008606408,4.408138410322343e-05,0.0020496628007094842,0.002118725800391985,5,0,0,True,5184
qubit_transpiled,5,5,0.00523421540056006,0.005126066000229912,0.0002617181367884439,0.005075325399957364,0.005457088400726206,5,0,0,True,65536
qubit_transpiled,6,6,0.006669921200955287,0.0066795689999707974,8.889890900049994e-05,0.006597579801018582,0.00673610700032441,5,0,0,True,262144
qutrit_circuit_exact,6,6,0.0023365945991827173,0.0023399009987770114,0.0001280890008456543,0.002250066599663114,0.002443789198878221,5,0,0,True,46656
qubit_transpiled,7,7,0.01329394959975616,0.013508694999472937,0.0007849324613854057,0.012657381599274231,0.013890335399628384,5,0,0,True,1048576
qubit_transpiled,8,8,0.04245139979975647,0.04046607800046331,0.007416697798832667,0.03813672259930172,0.04907095339949592,5,0,0,True,4194304
qutrit_circuit_exact,8,8,0.00365292659989791,0.0035853629997291137,0.00018137400333497055,0.003544484198937425,0.003816669800289674,5,0,0,True,419904
qubit_transpiled,10,10,1.3687410130005446,1.3538609690003796,0.04717192470172314,1.3381843187991762,1.4126154204008343,5,0,0,True,67108864
qutrit_circuit_exact,10,10,0.034567308399709874,0.033405158999812556,0.004270914068841472,0.03172944800026016,0.03831452259983052,5,0,0,True,3779136
qubit_transpiled,11,11,7.152905291399657,7.121880572998634,0.09602421310995837,7.081081489800272,7.2304334937995005,5,0,0,True,268435456
qubit_transpiled,12,12,25.248194357200553,25.22060143699855,0.5274980682786229,24.80274833200165,25.655492502199923,5,0,0,True,1073741824
qutrit_circuit_exact,12,12,0.2312092723994283,0.22007704899806413,0.029666025222259616,0.2101762185986445,0.2572730057996523,5,0,0,True,34012224
qubit_transpiled,13,13,94.54386938460011,93.02005094999913,2.884394362376763,92.40198600080039,96.91632672519918,5,0,0,True,4294967296
qubit_transpiled,14,14,,,,,,0,5,0,True,17179869184
qutrit_circuit_exact,14,14,3.0942306828001165,3.0590718839994224,0.11701144700527805,3.011850188399694,3.1924046716012526,5,0,0,True,306110016
qubit_transpiled,15,15,,,,,,0,5,0,True,68719476736
qutrit_circuit_exact,17,17,,,,,,0,5,0,True,8264970432
qutrit_circuit_exact,18,18,,,,,,0,5,0,True,24794911296
qutrit_circuit_exact,19,19,,,,,,0,5,0,True,74384733888
