backend,m,backend_systems_per_player,repetition,seed,rounds,runtime_seconds,status,error,synthetic_scaling_point,vector_bytes_per_player,estimated_working_set_bytes,memory_limit_bytes,timeout_seconds,quickqudits_version,backend_metadata
qutrit_circuit_exact,4,4,0,20260930,4,0.0021348300033423584,COMPLETED,,True,1296,5184,34359738368,21600.0,1.0.1,"{""bell_backend"": ""QuickQudits QuantumCircuit d=2"", ""gate_sequence"": ""grid X; movement H S^x; Bell H(0) CX(0,1); observable Sdag H T^k H S"", ""grid_backend"": ""two full QuickQudits QuantumCircuit d=3 statevectors"", ""memory_guard"": ""four dense vectors within configured ceiling and half available memory"", ""observable_angles"": {""Alice"": [0.0, 0.7853981633974483, 0.0, 0.7853981633974483], ""Bob"": [0.39269908169872414, -0.39269908169872414, 0.39269908169872414, -0.39269908169872414]}, ""player_grid_count"": 2, ""synthetic_scaling_point"": true, ""systems_per_player"": 4, ""tableau_array_bytes_per_player"": null, ""workload_seed_derivation"": ""SnaQ3-v2 master/m/repetition independent streams"", ""workload_sha256"": ""e2ba91f87b3bb2b05ad08360b98c7fb00b3835315b1f27121b38af93b961daaf""}"
qutrit_circuit_exact,4,4,1,20260930,4,0.002124143997207284,COMPLETED,,True,1296,5184,34359738368,21600.0,1.0.1,"{""bell_backend"": ""QuickQudits QuantumCircuit d=2"", ""gate_sequence"": ""grid X; movement H S^x; Bell H(0) CX(0,1); observable Sdag H T^k H S"", ""grid_backend"": ""two full QuickQudits QuantumCircuit d=3 statevectors"", ""memory_guard"": ""four dense vectors within configured ceiling and half available memory"", ""observable_angles"": {""Alice"": [0.0, 0.7853981633974483, 0.0, 0.7853981633974483], ""Bob"": [0.39269908169872414, -0.39269908169872414, 0.39269908169872414, -0.39269908169872414]}, ""player_grid_count"": 2, ""synthetic_scaling_point"": true, ""systems_per_player"": 4, ""tableau_array_bytes_per_player"": null, ""workload_seed_derivation"": ""SnaQ3-v2 master/m/repetition independent streams"", ""workload_sha256"": ""3cb5bdd2e161a14990de34b10bdc3408f793dc0c3791ad9818905d9724d02c8d""}"
qutrit_circuit_exact,4,4,2,20260930,4,0.0020283710000512656,COMPLETED,,True,1296,5184,34359738368,21600.0,1.0.1,"{""bell_backend"": ""QuickQudits QuantumCircuit d=2"", ""gate_sequence"": ""grid X; movement H S^x; Bell H(0) CX(0,1); observable Sdag H T^k H S"", ""grid_backend"": ""two full QuickQudits QuantumCircuit d=3 statevectors"", ""memory_guard"": ""four dense vectors within configured ceiling and half available memory"", ""observable_angles"": {""Alice"": [0.0, 0.7853981633974483, 0.0, 0.7853981633974483], ""Bob"": [0.39269908169872414, -0.39269908169872414, 0.39269908169872414, -0.39269908169872414]}, ""player_grid_count"": 2, ""synthetic_scaling_point"": true, ""systems_per_player"": 4, ""tableau_array_bytes_per_player"": null, ""workload_seed_derivation"": ""SnaQ3-v2 master/m/repetition independent streams"", ""workload_sha256"": ""1b4d17d8ce3cf891237c5ea3595735cd6988ec9224a2725a369365481558955b""}"
qutrit_circuit_exact,4,4,3,20260930,4,0.0020756810008606408,COMPLETED,,True,1296,5184,34359738368,21600.0,1.0.1,"{""bell_backend"": ""QuickQudits QuantumCircuit d=2"", ""gate_sequence"": ""grid X; movement H S^x; Bell H(0) CX(0,1); observable Sdag H T^k H S"", ""grid_backend"": ""two full QuickQudits QuantumCircuit d=3 statevectors"", ""memory_guard"": ""four dense vectors within configured ceiling and half available memory"", ""observable_angles"": {""Alice"": [0.0, 0.7853981633974483, 0.0, 0.7853981633974483], ""Bob"": [0.39269908169872414, -0.39269908169872414, 0.39269908169872414, -0.39269908169872414]}, ""player_grid_count"": 2, ""synthetic_scaling_point"": true, ""systems_per_player"": 4, ""tableau_array_bytes_per_player"": null, ""workload_seed_derivation"": ""SnaQ3-v2 master/m/repetition independent streams"", ""workload_sha256"": ""53f0106d34625de4691e0fcaf05ac276fc7616f9dccef68b5a7c35069c1885bf""}"
qutrit_circuit_exact,4,4,4,20260930,4,0.0020634560023609083,COMPLETED,,True,1296,5184,34359738368,21600.0,1.0.1,"{""bell_backend"": ""QuickQudits QuantumCircuit d=2"", ""gate_sequence"": ""grid X; movement H S^x; Bell H(0) CX(0,1); observable Sdag H T^k H S"", ""grid_backend"": ""two full QuickQudits QuantumCircuit d=3 statevectors"", ""memory_guard"": ""four dense vectors within configured ceiling and half available memory"", ""observable_angles"": {""Alice"": [0.0, 0.7853981633974483, 0.0, 0.7853981633974483], ""Bob"": [0.39269908169872414, -0.39269908169872414, 0.39269908169872414, -0.39269908169872414]}, ""player_grid_count"": 2, ""synthetic_scaling_point"": true, ""systems_per_player"": 4, ""tableau_array_bytes_per_player"": null, ""workload_seed_derivation"": ""SnaQ3-v2 master/m/repetition independent streams"", ""workload_sha256"": ""a79d7941eb10e825400ad943a981bb6a283abe499023377c9c41dacbde32447f""}"
qubit_transpiled,5,10,0,20260930,4,0.005126066000229912,COMPLETED,,True,16384,65536,34359738368,21600.0,1.0.1,"{""bell_backend"": ""QuickQudits QuantumCircuit d=2, same exact Bell sequence"", ""encoding"": {""0"": ""00"", ""1"": ""01"", ""2"": ""10"", ""invalid"": ""11""}, ""grid_backend"": ""two full QuickQudits QuantumCircuit d=2 statevectors, 2m qubits each"", ""memory_guard"": ""four dense vectors within configured ceiling and half available memory"", ""player_grid_count"": 2, ""synthetic_scaling_point"": true, ""systems_per_player"": 10, ""tableau_array_bytes_per_player"": null, ""transpiled_gates"": ""qutrit X -> X(q0), CX(q0,q1), CX(q1,q0); invalid 11 fixed"", ""workload_seed_derivation"": ""SnaQ3-v2 master/m/repetition independent streams"", ""workload_sha256"": ""5738ee9c0ba9e7dac9e13b1cc5d9dbe6ef7bdb7b1f0891b9be40729dcc158052""}"
qubit_transpiled,5,10,1,20260930,4,0.005003428999771131,COMPLETED,,True,16384,65536,34359738368,21600.0,1.0.1,"{""bell_backend"": ""QuickQudits QuantumCircuit d=2, same exact Bell sequence"", ""encoding"": {""0"": ""00"", ""1"": ""01"", ""2"": ""10"", ""invalid"": ""11""}, ""grid_backend"": ""two full QuickQudits QuantumCircuit d=2 statevectors, 2m qubits each"", ""memory_guard"": ""four dense vectors within configured ceiling and half available memory"", ""player_grid_count"": 2, ""synthetic_scaling_point"": true, ""systems_per_player"": 10, ""tableau_array_bytes_per_player"": null, ""transpiled_gates"": ""qutrit X -> X(q0), CX(q0,q1), CX(q1,q0); invalid 11 fixed"", ""workload_seed_derivation"": ""SnaQ3-v2 master/m/repetition independent streams"", ""workload_sha256"": ""4ec5cfa42af6e882714b9cd8a5f1e838357a4daa94f07db67fa48570ab5ba989""}"
qubit_transpiled,5,10,2,20260930,4,0.005240274000243517,COMPLETED,,True,16384,65536,34359738368,21600.0,1.0.1,"{""bell_backend"": ""QuickQudits QuantumCircuit d=2, same exact Bell sequence"", ""encoding"": {""0"": ""00"", ""1"": ""01"", ""2"": ""10"", ""invalid"": ""11""}, ""grid_backend"": ""two full QuickQudits QuantumCircuit d=2 statevectors, 2m qubits each"", ""memory_guard"": ""four dense vectors within configured ceiling and half available memory"", ""player_grid_count"": 2, ""synthetic_scaling_point"": true, ""systems_per_player"": 10, ""tableau_array_bytes_per_player"": null, ""transpiled_gates"": ""qutrit X -> X(q0), CX(q0,q1), CX(q1,q0); invalid 11 fixed"", ""workload_seed_derivation"": ""SnaQ3-v2 master/m/repetition independent streams"", ""workload_sha256"": ""66640e03c7792366acc47d9a5fbdb8f9f4a3ba985012fb5a5f92054904772dff""}"
qubit_transpiled,5,10,3,20260930,4,0.005123538001498673,COMPLETED,,True,16384,65536,34359738368,21600.0,1.0.1,"{""bell_backend"": ""QuickQudits QuantumCircuit d=2, same exact Bell sequence"", ""encoding"": {""0"": ""00"", ""1"": ""01"", ""2"": ""10"", ""invalid"": ""11""}, ""grid_backend"": ""two full QuickQudits QuantumCircuit d=2 statevectors, 2m qubits each"", ""memory_guard"": ""four dense vectors within configured ceiling and half available memory"", ""player_grid_count"": 2, ""synthetic_scaling_point"": true, ""systems_per_player"": 10, ""tableau_array_bytes_per_player"": null, ""transpiled_gates"": ""qutrit X -> X(q0), CX(q0,q1), CX(q1,q0); invalid 11 fixed"", ""workload_seed_derivation"": ""SnaQ3-v2 master/m/repetition independent streams"", ""workload_sha256"": ""13c0adba61e7f9f4696b8f757f376a262e116ea4f0f1b984572c00d5db5e755a""}"
qubit_transpiled,5,10,4,20260930,4,0.00567777000105707,COMPLETED,,True,16384,65536,34359738368,21600.0,1.0.1,"{""bell_backend"": ""QuickQudits QuantumCircuit d=2, same exact Bell sequence"", ""encoding"": {""0"": ""00"", ""1"": ""01"", ""2"": ""10"", ""invalid"": ""11""}, ""grid_backend"": ""two full QuickQudits QuantumCircuit d=2 statevectors, 2m qubits each"", ""memory_guard"": ""four dense vectors within configured ceiling and half available memory"", ""player_grid_count"": 2, ""synthetic_scaling_point"": true, ""systems_per_player"": 10, ""tableau_array_bytes_per_player"": null, ""transpiled_gates"": ""qutrit X -> X(q0), CX(q0,q1), CX(q1,q0); invalid 11 fixed"", ""workload_seed_derivation"": ""SnaQ3-v2 master/m/repetition independent streams"", ""workload_sha256"": ""d10e79dbb0b27441c8fe43d2c6def9f94c82a0fae19aa3b1962268d8590d64b4""}"
qutrit_circuit_exact,6,6,0,20260930,4,0.002261323999846354,COMPLETED,,True,11664,46656,34359738368,21600.0,1.0.1,"{""bell_backend"": ""QuickQudits QuantumCircuit d=2"", ""gate_sequence"": ""grid X; movement H S^x; Bell H(0) CX(0,1); observable Sdag H T^k H S"", ""grid_backend"": ""two full QuickQudits QuantumCircuit d=3 statevectors"", ""memory_guard"": ""four dense vectors within configured ceiling and half available memory"", ""observable_angles"": {""Alice"": [0.0, 0.7853981633974483, 0.0, 0.7853981633974483], ""Bob"": [0.39269908169872414, -0.39269908169872414, 0.39269908169872414, -0.39269908169872414]}, ""player_grid_count"": 2, ""synthetic_scaling_point"": true, ""systems_per_player"": 6, ""tableau_array_bytes_per_player"": null, ""workload_seed_derivation"": ""SnaQ3-v2 master/m/repetition independent streams"", ""workload_sha256"": ""2223feae40da8c8c5db2bf1001c588eb943da3bb5f6a2619859107cc6d772022""}"
qutrit_circuit_exact,6,6,1,20260930,4,0.0023399009987770114,COMPLETED,,True,11664,46656,34359738368,21600.0,1.0.1,"{""bell_backend"": ""QuickQudits QuantumCircuit d=2"", ""gate_sequence"": ""grid X; movement H S^x; Bell H(0) CX(0,1); observable Sdag H T^k H S"", ""grid_backend"": ""two full QuickQudits QuantumCircuit d=3 statevectors"", ""memory_guard"": ""four dense vectors within configured ceiling and half available memory"", ""observable_angles"": {""Alice"": [0.0, 0.7853981633974483, 0.0, 0.7853981633974483], ""Bob"": [0.39269908169872414, -0.39269908169872414, 0.39269908169872414, -0.39269908169872414]}, ""player_grid_count"": 2, ""synthetic_scaling_point"": true, ""systems_per_player"": 6, ""tableau_array_bytes_per_player"": null, ""workload_seed_derivation"": ""SnaQ3-v2 master/m/repetition independent streams"", ""workload_sha256"": ""a40d578ce52dc1334ad9a3f13e74e0c5ed0108746dba63c396ff3a51f8001d01""}"
qutrit_circuit_exact,6,6,2,20260930,4,0.0023529729987785686,COMPLETED,,True,11664,46656,34359738368,21600.0,1.0.1,"{""bell_backend"": ""QuickQudits QuantumCircuit d=2"", ""gate_sequence"": ""grid X; movement H S^x; Bell H(0) CX(0,1); observable Sdag H T^k H S"", ""grid_backend"": ""two full QuickQudits QuantumCircuit d=3 statevectors"", ""memory_guard"": ""four dense vectors within configured ceiling and half available memory"", ""observable_angles"": {""Alice"": [0.0, 0.7853981633974483, 0.0, 0.7853981633974483], ""Bob"": [0.39269908169872414, -0.39269908169872414, 0.39269908169872414, -0.39269908169872414]}, ""player_grid_count"": 2, ""synthetic_scaling_point"": true, ""systems_per_player"": 6, ""tableau_array_bytes_per_player"": null, ""workload_seed_derivation"": ""SnaQ3-v2 master/m/repetition independent streams"", ""workload_sha256"": ""01e0eb1fc58cf5d90cebcbcaf34f0caacef703a2325142a5e2537982b5e227c8""}"
qutrit_circuit_exact,6,6,3,20260930,4,0.002534882998588728,COMPLETED,,True,11664,46656,34359738368,21600.0,1.0.1,"{""bell_backend"": ""QuickQudits QuantumCircuit d=2"", ""gate_sequence"": ""grid X; movement H S^x; Bell H(0) CX(0,1); observable Sdag H T^k H S"", ""grid_backend"": ""two full QuickQudits QuantumCircuit d=3 statevectors"", ""memory_guard"": ""four dense vectors within configured ceiling and half available memory"", ""observable_angles"": {""Alice"": [0.0, 0.7853981633974483, 0.0, 0.7853981633974483], ""Bob"": [0.39269908169872414, -0.39269908169872414, 0.39269908169872414, -0.39269908169872414]}, ""player_grid_count"": 2, ""synthetic_scaling_point"": true, ""systems_per_player"": 6, ""tableau_array_bytes_per_player"": null, ""workload_seed_derivation"": ""SnaQ3-v2 master/m/repetition independent streams"", ""workload_sha256"": ""5f871a7b5e53a54742fc5796057b81eebb6a0e718d0bf1373679da6676c09241""}"
qutrit_circuit_exact,6,6,4,20260930,4,0.0021938919999229256,COMPLETED,,True,11664,46656,34359738368,21600.0,1.0.1,"{""bell_backend"": ""QuickQudits QuantumCircuit d=2"", ""gate_sequence"": ""grid X; movement H S^x; Bell H(0) CX(0,1); observable Sdag H T^k H S"", ""grid_backend"": ""two full QuickQudits QuantumCircuit d=3 statevectors"", ""memory_guard"": ""four dense vectors within configured ceiling and half available memory"", ""observable_angles"": {""Alice"": [0.0, 0.7853981633974483, 0.0, 0.7853981633974483], ""Bob"": [0.39269908169872414, -0.39269908169872414, 0.39269908169872414, -0.39269908169872414]}, ""player_grid_count"": 2, ""synthetic_scaling_point"": true, ""systems_per_player"": 6, ""tableau_array_bytes_per_player"": null, ""workload_seed_derivation"": ""SnaQ3-v2 master/m/repetition independent streams"", ""workload_sha256"": ""fcb0f4f15a6f9231406f609f0be98a8b61e4062627c8375a5fd92ae026a1017f""}"
qubit_transpiled,6,12,0,20260930,4,0.006625175003136974,COMPLETED,,True,65536,262144,34359738368,21600.0,1.0.1,"{""bell_backend"": ""QuickQudits QuantumCircuit d=2, same exact Bell sequence"", ""encoding"": {""0"": ""00"", ""1"": ""01"", ""2"": ""10"", ""invalid"": ""11""}, ""grid_backend"": ""two full QuickQudits QuantumCircuit d=2 statevectors, 2m qubits each"", ""memory_guard"": ""four dense vectors within configured ceiling and half available memory"", ""player_grid_count"": 2, ""synthetic_scaling_point"": true, ""systems_per_player"": 12, ""tableau_array_bytes_per_player"": null, ""transpiled_gates"": ""qutrit X -> X(q0), CX(q0,q1), CX(q1,q0); invalid 11 fixed"", ""workload_seed_derivation"": ""SnaQ3-v2 master/m/repetition independent streams"", ""workload_sha256"": ""2223feae40da8c8c5db2bf1001c588eb943da3bb5f6a2619859107cc6d772022""}"
qubit_transpiled,6,12,1,20260930,4,0.0066795689999707974,COMPLETED,,True,65536,262144,34359738368,21600.0,1.0.1,"{""bell_backend"": ""QuickQudits QuantumCircuit d=2, same exact Bell sequence"", ""encoding"": {""0"": ""00"", ""1"": ""01"", ""2"": ""10"", ""invalid"": ""11""}, ""grid_backend"": ""two full QuickQudits QuantumCircuit d=2 statevectors, 2m qubits each"", ""memory_guard"": ""four dense vectors within configured ceiling and half available memory"", ""player_grid_count"": 2, ""synthetic_scaling_point"": true, ""systems_per_player"": 12, ""tableau_array_bytes_per_player"": null, ""transpiled_gates"": ""qutrit X -> X(q0), CX(q0,q1), CX(q1,q0); invalid 11 fixed"", ""workload_seed_derivation"": ""SnaQ3-v2 master/m/repetition independent streams"", ""workload_sha256"": ""a40d578ce52dc1334ad9a3f13e74e0c5ed0108746dba63c396ff3a51f8001d01""}"
qubit_transpiled,6,12,2,20260930,4,0.006544379000843037,COMPLETED,,True,65536,262144,34359738368,21600.0,1.0.1,"{""bell_backend"": ""QuickQudits QuantumCircuit d=2, same exact Bell sequence"", ""encoding"": {""0"": ""00"", ""1"": ""01"", ""2"": ""10"", ""invalid"": ""11""}, ""grid_backend"": ""two full QuickQudits QuantumCircuit d=2 statevectors, 2m qubits each"", ""memory_guard"": ""four dense vectors within configured ceiling and half available memory"", ""player_grid_count"": 2, ""synthetic_scaling_point"": true, ""systems_per_player"": 12, ""tableau_array_bytes_per_player"": null, ""transpiled_gates"": ""qutrit X -> X(q0), CX(q0,q1), CX(q1,q0); invalid 11 fixed"", ""workload_seed_derivation"": ""SnaQ3-v2 master/m/repetition independent streams"", ""workload_sha256"": ""01e0eb1fc58cf5d90cebcbcaf34f0caacef703a2325142a5e2537982b5e227c8""}"
qubit_transpiled,6,12,3,20260930,4,0.006729586999426829,COMPLETED,,True,65536,262144,34359738368,21600.0,1.0.1,"{""bell_backend"": ""QuickQudits QuantumCircuit d=2, same exact Bell sequence"", ""encoding"": {""0"": ""00"", ""1"": ""01"", ""2"": ""10"", ""invalid"": ""11""}, ""grid_backend"": ""two full QuickQudits QuantumCircuit d=2 statevectors, 2m qubits each"", ""memory_guard"": ""four dense vectors within configured ceiling and half available memory"", ""player_grid_count"": 2, ""synthetic_scaling_point"": true, ""systems_per_player"": 12, ""tableau_array_bytes_per_player"": null, ""transpiled_gates"": ""qutrit X -> X(q0), CX(q0,q1), CX(q1,q0); invalid 11 fixed"", ""workload_seed_derivation"": ""SnaQ3-v2 master/m/repetition independent streams"", ""workload_sha256"": ""5f871a7b5e53a54742fc5796057b81eebb6a0e718d0bf1373679da6676c09241""}"
qubit_transpiled,6,12,4,20260930,4,0.006770896001398796,COMPLETED,,True,65536,262144,34359738368,21600.0,1.0.1,"{""bell_backend"": ""QuickQudits QuantumCircuit d=2, same exact Bell sequence"", ""encoding"": {""0"": ""00"", ""1"": ""01"", ""2"": ""10"", ""invalid"": ""11""}, ""grid_backend"": ""two full QuickQudits QuantumCircuit d=2 statevectors, 2m qubits each"", ""memory_guard"": ""four dense vectors within configured ceiling and half available memory"", ""player_grid_count"": 2, ""synthetic_scaling_point"": true, ""systems_per_player"": 12, ""tableau_array_bytes_per_player"": null, ""transpiled_gates"": ""qutrit X -> X(q0), CX(q0,q1), CX(q1,q0); invalid 11 fixed"", ""workload_seed_derivation"": ""SnaQ3-v2 master/m/repetition independent streams"", ""workload_sha256"": ""fcb0f4f15a6f9231406f609f0be98a8b61e4062627c8375a5fd92ae026a1017f""}"
qubit_transpiled,7,14,0,20260930,4,0.01385134199881577,COMPLETED,,True,262144,1048576,34359738368,21600.0,1.0.1,"{""bell_backend"": ""QuickQudits QuantumCircuit d=2, same exact Bell sequence"", ""encoding"": {""0"": ""00"", ""1"": ""01"", ""2"": ""10"", ""invalid"": ""11""}, ""grid_backend"": ""two full QuickQudits QuantumCircuit d=2 statevectors, 2m qubits each"", ""memory_guard"": ""four dense vectors within configured ceiling and half available memory"", ""player_grid_count"": 2, ""synthetic_scaling_point"": true, ""systems_per_player"": 14, ""tableau_array_bytes_per_player"": null, ""transpiled_gates"": ""qutrit X -> X(q0), CX(q0,q1), CX(q1,q0); invalid 11 fixed"", ""workload_seed_derivation"": ""SnaQ3-v2 master/m/repetition independent streams"", ""workload_sha256"": ""bbe1bff2d2a5bfb61be50ec87890918e8d77bddf84cd479e621521c9f3c8cd06""}"
qubit_transpiled,7,14,1,20260930,4,0.014120149000518722,COMPLETED,,True,262144,1048576,34359738368,21600.0,1.0.1,"{""bell_backend"": ""QuickQudits QuantumCircuit d=2, same exact Bell sequence"", ""encoding"": {""0"": ""00"", ""1"": ""01"", ""2"": ""10"", ""invalid"": ""11""}, ""grid_backend"": ""two full QuickQudits QuantumCircuit d=2 statevectors, 2m qubits each"", ""memory_guard"": ""four dense vectors within configured ceiling and half available memory"", ""player_grid_count"": 2, ""synthetic_scaling_point"": true, ""systems_per_player"": 14, ""tableau_array_bytes_per_player"": null, ""transpiled_gates"": ""qutrit X -> X(q0), CX(q0,q1), CX(q1,q0); invalid 11 fixed"", ""workload_seed_derivation"": ""SnaQ3-v2 master/m/repetition independent streams"", ""workload_sha256"": ""0384551bc06cdd914d9b8c985bd08f2bf2cb6d2447647a411a74fc7741c6b46d""}"
qubit_transpiled,7,14,2,20260930,4,0.013508694999472937,COMPLETED,,True,262144,1048576,34359738368,21600.0,1.0.1,"{""bell_backend"": ""QuickQudits QuantumCircuit d=2, same exact Bell sequence"", ""encoding"": {""0"": ""00"", ""1"": ""01"", ""2"": ""10"", ""invalid"": ""11""}, ""grid_backend"": ""two full QuickQudits QuantumCircuit d=2 statevectors, 2m qubits each"", ""memory_guard"": ""four dense vectors within configured ceiling and half available memory"", ""player_grid_count"": 2, ""synthetic_scaling_point"": true, ""systems_per_player"": 14, ""tableau_array_bytes_per_player"": null, ""transpiled_gates"": ""qutrit X -> X(q0), CX(q0,q1), CX(q1,q0); invalid 11 fixed"", ""workload_seed_derivation"": ""SnaQ3-v2 master/m/repetition independent streams"", ""workload_sha256"": ""53582c6aca72d8e1e079e0198c3d6f73744f17c1406671318a1ff041f0efa115""}"
qubit_transpiled,7,14,3,20260930,4,0.012223001998791005,COMPLETED,,True,262144,1048576,34359738368,21600.0,1.0.1,"{""bell_backend"": ""QuickQudits QuantumCircuit d=2, same exact Bell sequence"", ""encoding"": {""0"": ""00"", ""1"": ""01"", ""2"": ""10"", ""invalid"": ""11""}, ""grid_backend"": ""two full QuickQudits QuantumCircuit d=2 statevectors, 2m qubits each"", ""memory_guard"": ""four dense vectors within configured ceiling and half available memory"", ""player_grid_count"": 2, ""synthetic_scaling_point"": true, ""systems_per_player"": 14, ""tableau_array_bytes_per_player"": null, ""transpiled_gates"": ""qutrit X -> X(q0), CX(q0,q1), CX(q1,q0); invalid 11 fixed"", ""workload_seed_derivation"": ""SnaQ3-v2 master/m/repetition independent streams"", ""workload_sha256"": ""f397dedf3760edc3a504ae5547c06c81570f65e4b1ac8b8f6fab0cb505165f80""}"
qubit_transpiled,7,14,4,20260930,4,0.01276656000118237,COMPLETED,,True,262144,1048576,34359738368,21600.0,1.0.1,"{""bell_backend"": ""QuickQudits QuantumCircuit d=2, same exact Bell sequence"", ""encoding"": {""0"": ""00"", ""1"": ""01"", ""2"": ""10"", ""invalid"": ""11""}, ""grid_backend"": ""two full QuickQudits QuantumCircuit d=2 statevectors, 2m qubits each"", ""memory_guard"": ""four dense vectors within configured ceiling and half available memory"", ""player_grid_count"": 2, ""synthetic_scaling_point"": true, ""systems_per_player"": 14, ""tableau_array_bytes_per_player"": null, ""transpiled_gates"": ""qutrit X -> X(q0), CX(q0,q1), CX(q1,q0); invalid 11 fixed"", ""workload_seed_derivation"": ""SnaQ3-v2 master/m/repetition independent streams"", ""workload_sha256"": ""c310ab5b7c2977c3b990542d8e435d2614fb34e4959cfefc7cdfc0483ffce908""}"
qutrit_circuit_exact,8,8,0,20260930,4,0.0035853629997291137,COMPLETED,,True,104976,419904,34359738368,21600.0,1.0.1,"{""bell_backend"": ""QuickQudits QuantumCircuit d=2"", ""gate_sequence"": ""grid X; movement H S^x; Bell H(0) CX(0,1); observable Sdag H T^k H S"", ""grid_backend"": ""two full QuickQudits QuantumCircuit d=3 statevectors"", ""memory_guard"": ""four dense vectors within configured ceiling and half available memory"", ""observable_angles"": {""Alice"": [0.0, 0.7853981633974483, 0.0, 0.7853981633974483], ""Bob"": [0.39269908169872414, -0.39269908169872414, 0.39269908169872414, -0.39269908169872414]}, ""player_grid_count"": 2, ""synthetic_scaling_point"": true, ""systems_per_player"": 8, ""tableau_array_bytes_per_player"": null, ""workload_seed_derivation"": ""SnaQ3-v2 master/m/repetition independent streams"", ""workload_sha256"": ""d5d2d0e3f372fec5f1590a2d1d82ebd58cec31364dc1645f6ac34c855abb0f37""}"
qutrit_circuit_exact,8,8,1,20260930,4,0.0035302329997648485,COMPLETED,,True,104976,419904,34359738368,21600.0,1.0.1,"{""bell_backend"": ""QuickQudits QuantumCircuit d=2"", ""gate_sequence"": ""grid X; movement H S^x; Bell H(0) CX(0,1); observable Sdag H T^k H S"", ""grid_backend"": ""two full QuickQudits QuantumCircuit d=3 statevectors"", ""memory_guard"": ""four dense vectors within configured ceiling and half available memory"", ""observable_angles"": {""Alice"": [0.0, 0.7853981633974483, 0.0, 0.7853981633974483], ""Bob"": [0.39269908169872414, -0.39269908169872414, 0.39269908169872414, -0.39269908169872414]}, ""player_grid_count"": 2, ""synthetic_scaling_point"": true, ""systems_per_player"": 8, ""tableau_array_bytes_per_player"": null, ""workload_seed_derivation"": ""SnaQ3-v2 master/m/repetition independent streams"", ""workload_sha256"": ""536d06f94fc98824bd79059e04350cbe865beae4989fd1037492b26b48451f63""}"
qutrit_circuit_exact,8,8,2,20260930,4,0.003967156000726391,COMPLETED,,True,104976,419904,34359738368,21600.0,1.0.1,"{""bell_backend"": ""QuickQudits QuantumCircuit d=2"", ""gate_sequence"": ""grid X; movement H S^x; Bell H(0) CX(0,1); observable Sdag H T^k H S"", ""grid_backend"": ""two full QuickQudits QuantumCircuit d=3 statevectors"", ""memory_guard"": ""four dense vectors within configured ceiling and half available memory"", ""observable_angles"": {""Alice"": [0.0, 0.7853981633974483, 0.0, 0.7853981633974483], ""Bob"": [0.39269908169872414, -0.39269908169872414, 0.39269908169872414, -0.39269908169872414]}, ""player_grid_count"": 2, ""synthetic_scaling_point"": true, ""systems_per_player"": 8, ""tableau_array_bytes_per_player"": null, ""workload_seed_derivation"": ""SnaQ3-v2 master/m/repetition independent streams"", ""workload_sha256"": ""ad4b5d7d8a30e0cbaedf88c7d7227a11f62e95dd0c3ece1bda4213f1e41133c8""}"
qutrit_circuit_exact,8,8,3,20260930,4,0.0036435850015550386,COMPLETED,,True,104976,419904,34359738368,21600.0,1.0.1,"{""bell_backend"": ""QuickQudits QuantumCircuit d=2"", ""gate_sequence"": ""grid X; movement H S^x; Bell H(0) CX(0,1); observable Sdag H T^k H S"", ""grid_backend"": ""two full QuickQudits QuantumCircuit d=3 statevectors"", ""memory_guard"": ""four dense vectors within configured ceiling and half available memory"", ""observable_angles"": {""Alice"": [0.0, 0.7853981633974483, 0.0, 0.7853981633974483], ""Bob"": [0.39269908169872414, -0.39269908169872414, 0.39269908169872414, -0.39269908169872414]}, ""player_grid_count"": 2, ""synthetic_scaling_point"": true, ""systems_per_player"": 8, ""tableau_array_bytes_per_player"": null, ""workload_seed_derivation"": ""SnaQ3-v2 master/m/repetition independent streams"", ""workload_sha256"": ""e3119851f0555bb5bf0ca43bd0ca62f8e070d188372d93f4a9a2b03bb4fb40b2""}"
qutrit_circuit_exact,8,8,4,20260930,4,0.003538295997714158,COMPLETED,,True,104976,419904,34359738368,21600.0,1.0.1,"{""bell_backend"": ""QuickQudits QuantumCircuit d=2"", ""gate_sequence"": ""grid X; movement H S^x; Bell H(0) CX(0,1); observable Sdag H T^k H S"", ""grid_backend"": ""two full QuickQudits QuantumCircuit d=3 statevectors"", ""memory_guard"": ""four dense vectors within configured ceiling and half available memory"", ""observable_angles"": {""Alice"": [0.0, 0.7853981633974483, 0.0, 0.7853981633974483], ""Bob"": [0.39269908169872414, -0.39269908169872414, 0.39269908169872414, -0.39269908169872414]}, ""player_grid_count"": 2, ""synthetic_scaling_point"": true, ""systems_per_player"": 8, ""tableau_array_bytes_per_player"": null, ""workload_seed_derivation"": ""SnaQ3-v2 master/m/repetition independent streams"", ""workload_sha256"": ""366b1ad3420433e20053c4f577ce604888fed8161a015d65b0528ebba107bc51""}"
qubit_transpiled,8,16,0,20260930,4,0.037179333998210495,COMPLETED,,True,1048576,4194304,34359738368,21600.0,1.0.1,"{""bell_backend"": ""QuickQudits QuantumCircuit d=2, same exact Bell sequence"", ""encoding"": {""0"": ""00"", ""1"": ""01"", ""2"": ""10"", ""invalid"": ""11""}, ""grid_backend"": ""two full QuickQudits QuantumCircuit d=2 statevectors, 2m qubits each"", ""memory_guard"": ""four dense vectors within configured ceiling and half available memory"", ""player_grid_count"": 2, ""synthetic_scaling_point"": true, ""systems_per_player"": 16, ""tableau_array_bytes_per_player"": null, ""transpiled_gates"": ""qutrit X -> X(q0), CX(q0,q1), CX(q1,q0); invalid 11 fixed"", ""workload_seed_derivation"": ""SnaQ3-v2 master/m/repetition independent streams"", ""workload_sha256"": ""d5d2d0e3f372fec5f1590a2d1d82ebd58cec31364dc1645f6ac34c855abb0f37""}"
qubit_transpiled,8,16,1,20260930,4,0.05546597599823144,COMPLETED,,True,1048576,4194304,34359738368,21600.0,1.0.1,"{""bell_backend"": ""QuickQudits QuantumCircuit d=2, same exact Bell sequence"", ""encoding"": {""0"": ""00"", ""1"": ""01"", ""2"": ""10"", ""invalid"": ""11""}, ""grid_backend"": ""two full QuickQudits QuantumCircuit d=2 statevectors, 2m qubits each"", ""memory_guard"": ""four dense vectors within configured ceiling and half available memory"", ""player_grid_count"": 2, ""synthetic_scaling_point"": true, ""systems_per_player"": 16, ""tableau_array_bytes_per_player"": null, ""transpiled_gates"": ""qutrit X -> X(q0), CX(q0,q1), CX(q1,q0); invalid 11 fixed"", ""workload_seed_derivation"": ""SnaQ3-v2 master/m/repetition independent streams"", ""workload_sha256"": ""536d06f94fc98824bd79059e04350cbe865beae4989fd1037492b26b48451f63""}"
qubit_transpiled,8,16,2,20260930,4,0.03849076100232196,COMPLETED,,True,1048576,4194304,34359738368,21600.0,1.0.1,"{""bell_backend"": ""QuickQudits QuantumCircuit d=2, same exact Bell sequence"", ""encoding"": {""0"": ""00"", ""1"": ""01"", ""2"": ""10"", ""invalid"": ""11""}, ""grid_backend"": ""two full QuickQudits QuantumCircuit d=2 statevectors, 2m qubits each"", ""memory_guard"": ""four dense vectors within configured ceiling and half available memory"", ""player_grid_count"": 2, ""synthetic_scaling_point"": true, ""systems_per_player"": 16, ""tableau_array_bytes_per_player"": null, ""transpiled_gates"": ""qutrit X -> X(q0), CX(q0,q1), CX(q1,q0); invalid 11 fixed"", ""workload_seed_derivation"": ""SnaQ3-v2 master/m/repetition independent streams"", ""workload_sha256"": ""ad4b5d7d8a30e0cbaedf88c7d7227a11f62e95dd0c3ece1bda4213f1e41133c8""}"
qubit_transpiled,8,16,3,20260930,4,0.040654849999555154,COMPLETED,,True,1048576,4194304,34359738368,21600.0,1.0.1,"{""bell_backend"": ""QuickQudits QuantumCircuit d=2, same exact Bell sequence"", ""encoding"": {""0"": ""00"", ""1"": ""01"", ""2"": ""10"", ""invalid"": ""11""}, ""grid_backend"": ""two full QuickQudits QuantumCircuit d=2 statevectors, 2m qubits each"", ""memory_guard"": ""four dense vectors within configured ceiling and half available memory"", ""player_grid_count"": 2, ""synthetic_scaling_point"": true, ""systems_per_player"": 16, ""tableau_array_bytes_per_player"": null, ""transpiled_gates"": ""qutrit X -> X(q0), CX(q0,q1), CX(q1,q0); invalid 11 fixed"", ""workload_seed_derivation"": ""SnaQ3-v2 master/m/repetition independent streams"", ""workload_sha256"": ""e3119851f0555bb5bf0ca43bd0ca62f8e070d188372d93f4a9a2b03bb4fb40b2""}"
qubit_transpiled,8,16,4,20260930,4,0.04046607800046331,COMPLETED,,True,1048576,4194304,34359738368,21600.0,1.0.1,"{""bell_backend"": ""QuickQudits QuantumCircuit d=2, same exact Bell sequence"", ""encoding"": {""0"": ""00"", ""1"": ""01"", ""2"": ""10"", ""invalid"": ""11""}, ""grid_backend"": ""two full QuickQudits QuantumCircuit d=2 statevectors, 2m qubits each"", ""memory_guard"": ""four dense vectors within configured ceiling and half available memory"", ""player_grid_count"": 2, ""synthetic_scaling_point"": true, ""systems_per_player"": 16, ""tableau_array_bytes_per_player"": null, ""transpiled_gates"": ""qutrit X -> X(q0), CX(q0,q1), CX(q1,q0); invalid 11 fixed"", ""workload_seed_derivation"": ""SnaQ3-v2 master/m/repetition independent streams"", ""workload_sha256"": ""366b1ad3420433e20053c4f577ce604888fed8161a015d65b0528ebba107bc51""}"
qutrit_circuit_exact,10,10,0,20260930,4,0.03305311099757091,COMPLETED,,True,944784,3779136,34359738368,21600.0,1.0.1,"{""bell_backend"": ""QuickQudits QuantumCircuit d=2"", ""gate_sequence"": ""grid X; movement H S^x; Bell H(0) CX(0,1); observable Sdag H T^k H S"", ""grid_backend"": ""two full QuickQudits QuantumCircuit d=3 statevectors"", ""memory_guard"": ""four dense vectors within configured ceiling and half available memory"", ""observable_angles"": {""Alice"": [0.0, 0.7853981633974483, 0.0, 0.7853981633974483], ""Bob"": [0.39269908169872414, -0.39269908169872414, 0.39269908169872414, -0.39269908169872414]}, ""player_grid_count"": 2, ""synthetic_scaling_point"": true, ""systems_per_player"": 10, ""tableau_array_bytes_per_player"": null, ""workload_seed_derivation"": ""SnaQ3-v2 master/m/repetition independent streams"", ""workload_sha256"": ""eaa385b7669057d8eac6289f9c953fb75a95de4c36928904ab15a8536297c273""}"
qutrit_circuit_exact,10,10,1,20260930,4,0.04170478100058972,COMPLETED,,True,944784,3779136,34359738368,21600.0,1.0.1,"{""bell_backend"": ""QuickQudits QuantumCircuit d=2"", ""gate_sequence"": ""grid X; movement H S^x; Bell H(0) CX(0,1); observable Sdag H T^k H S"", ""grid_backend"": ""two full QuickQudits QuantumCircuit d=3 statevectors"", ""memory_guard"": ""four dense vectors within configured ceiling and half available memory"", ""observable_angles"": {""Alice"": [0.0, 0.7853981633974483, 0.0, 0.7853981633974483], ""Bob"": [0.39269908169872414, -0.39269908169872414, 0.39269908169872414, -0.39269908169872414]}, ""player_grid_count"": 2, ""synthetic_scaling_point"": true, ""systems_per_player"": 10, ""tableau_array_bytes_per_player"": null, ""workload_seed_derivation"": ""SnaQ3-v2 master/m/repetition independent streams"", ""workload_sha256"": ""72c699fc1007e3699f0286a8c6594d583556b42409af0d11469c6017dc13a3d7""}"
qutrit_circuit_exact,10,10,2,20260930,4,0.03028429500045604,COMPLETED,,True,944784,3779136,34359738368,21600.0,1.0.1,"{""bell_backend"": ""QuickQudits QuantumCircuit d=2"", ""gate_sequence"": ""grid X; movement H S^x; Bell H(0) CX(0,1); observable Sdag H T^k H S"", ""grid_backend"": ""two full QuickQudits QuantumCircuit d=3 statevectors"", ""memory_guard"": ""four dense vectors within configured ceiling and half available memory"", ""observable_angles"": {""Alice"": [0.0, 0.7853981633974483, 0.0, 0.7853981633974483], ""Bob"": [0.39269908169872414, -0.39269908169872414, 0.39269908169872414, -0.39269908169872414]}, ""player_grid_count"": 2, ""synthetic_scaling_point"": true, ""systems_per_player"": 10, ""tableau_array_bytes_per_player"": null, ""workload_seed_derivation"": ""SnaQ3-v2 master/m/repetition independent streams"", ""workload_sha256"": ""a9205cc920538a66d83a46157350b260862a8253a29fba2e8fcfbe606a80bb08""}"
qutrit_circuit_exact,10,10,3,20260930,4,0.03438919600012014,COMPLETED,,True,944784,3779136,34359738368,21600.0,1.0.1,"{""bell_backend"": ""QuickQudits QuantumCircuit d=2"", ""gate_sequence"": ""grid X; movement H S^x; Bell H(0) CX(0,1); observable Sdag H T^k H S"", ""grid_backend"": ""two full QuickQudits QuantumCircuit d=3 statevectors"", ""memory_guard"": ""four dense vectors within configured ceiling and half available memory"", ""observable_angles"": {""Alice"": [0.0, 0.7853981633974483, 0.0, 0.7853981633974483], ""Bob"": [0.39269908169872414, -0.39269908169872414, 0.39269908169872414, -0.39269908169872414]}, ""player_grid_count"": 2, ""synthetic_scaling_point"": true, ""systems_per_player"": 10, ""tableau_array_bytes_per_player"": null, ""workload_seed_derivation"": ""SnaQ3-v2 master/m/repetition independent streams"", ""workload_sha256"": ""572653449a2b262fe72e9aa1081257533499514d2effac140f2bd1effe09f808""}"
qutrit_circuit_exact,10,10,4,20260930,4,0.033405158999812556,COMPLETED,,True,944784,3779136,34359738368,21600.0,1.0.1,"{""bell_backend"": ""QuickQudits QuantumCircuit d=2"", ""gate_sequence"": ""grid X; movement H S^x; Bell H(0) CX(0,1); observable Sdag H T^k H S"", ""grid_backend"": ""two full QuickQudits QuantumCircuit d=3 statevectors"", ""memory_guard"": ""four dense vectors within configured ceiling and half available memory"", ""observable_angles"": {""Alice"": [0.0, 0.7853981633974483, 0.0, 0.7853981633974483], ""Bob"": [0.39269908169872414, -0.39269908169872414, 0.39269908169872414, -0.39269908169872414]}, ""player_grid_count"": 2, ""synthetic_scaling_point"": true, ""systems_per_player"": 10, ""tableau_array_bytes_per_player"": null, ""workload_seed_derivation"": ""SnaQ3-v2 master/m/repetition independent streams"", ""workload_sha256"": ""b399f96a88ecbbe402010517649d27d6ce69bbe47b5a31ea8c0b63cc49241206""}"
qubit_transpiled,10,20,0,20260930,4,1.3657521550012461,COMPLETED,,True,16777216,67108864,34359738368,21600.0,1.0.1,"{""bell_backend"": ""QuickQudits QuantumCircuit d=2, same exact Bell sequence"", ""encoding"": {""0"": ""00"", ""1"": ""01"", ""2"": ""10"", ""invalid"": ""11""}, ""grid_backend"": ""two full QuickQudits QuantumCircuit d=2 statevectors, 2m qubits each"", ""memory_guard"": ""four dense vectors within configured ceiling and half available memory"", ""player_grid_count"": 2, ""synthetic_scaling_point"": true, ""systems_per_player"": 20, ""tableau_array_bytes_per_player"": null, ""transpiled_gates"": ""qutrit X -> X(q0), CX(q0,q1), CX(q1,q0); invalid 11 fixed"", ""workload_seed_derivation"": ""SnaQ3-v2 master/m/repetition independent streams"", ""workload_sha256"": ""eaa385b7669057d8eac6289f9c953fb75a95de4c36928904ab15a8536297c273""}"
qubit_transpiled,10,20,1,20260930,4,1.3518212030030554,COMPLETED,,True,16777216,67108864,34359738368,21600.0,1.0.1,"{""bell_backend"": ""QuickQudits QuantumCircuit d=2, same exact Bell sequence"", ""encoding"": {""0"": ""00"", ""1"": ""01"", ""2"": ""10"", ""invalid"": ""11""}, ""grid_backend"": ""two full QuickQudits QuantumCircuit d=2 statevectors, 2m qubits each"", ""memory_guard"": ""four dense vectors within configured ceiling and half available memory"", ""player_grid_count"": 2, ""synthetic_scaling_point"": true, ""systems_per_player"": 20, ""tableau_array_bytes_per_player"": null, ""transpiled_gates"": ""qutrit X -> X(q0), CX(q0,q1), CX(q1,q0); invalid 11 fixed"", ""workload_seed_derivation"": ""SnaQ3-v2 master/m/repetition independent streams"", ""workload_sha256"": ""72c699fc1007e3699f0286a8c6594d583556b42409af0d11469c6017dc13a3d7""}"
qubit_transpiled,10,20,2,20260930,4,1.3538609690003796,COMPLETED,,True,16777216,67108864,34359738368,21600.0,1.0.1,"{""bell_backend"": ""QuickQudits QuantumCircuit d=2, same exact Bell sequence"", ""encoding"": {""0"": ""00"", ""1"": ""01"", ""2"": ""10"", ""invalid"": ""11""}, ""grid_backend"": ""two full QuickQudits QuantumCircuit d=2 statevectors, 2m qubits each"", ""memory_guard"": ""four dense vectors within configured ceiling and half available memory"", ""player_grid_count"": 2, ""synthetic_scaling_point"": true, ""systems_per_player"": 20, ""tableau_array_bytes_per_player"": null, ""transpiled_gates"": ""qutrit X -> X(q0), CX(q0,q1), CX(q1,q0); invalid 11 fixed"", ""workload_seed_derivation"": ""SnaQ3-v2 master/m/repetition independent streams"", ""workload_sha256"": ""a9205cc920538a66d83a46157350b260862a8253a29fba2e8fcfbe606a80bb08""}"
qubit_transpiled,10,20,3,20260930,4,1.4485012479999568,COMPLETED,,True,16777216,67108864,34359738368,21600.0,1.0.1,"{""bell_backend"": ""QuickQudits QuantumCircuit d=2, same exact Bell sequence"", ""encoding"": {""0"": ""00"", ""1"": ""01"", ""2"": ""10"", ""invalid"": ""11""}, ""grid_backend"": ""two full QuickQudits QuantumCircuit d=2 statevectors, 2m qubits each"", ""memory_guard"": ""four dense vectors within configured ceiling and half available memory"", ""player_grid_count"": 2, ""synthetic_scaling_point"": true, ""systems_per_player"": 20, ""tableau_array_bytes_per_player"": null, ""transpiled_gates"": ""qutrit X -> X(q0), CX(q0,q1), CX(q1,q0); invalid 11 fixed"", ""workload_seed_derivation"": ""SnaQ3-v2 master/m/repetition independent streams"", ""workload_sha256"": ""572653449a2b262fe72e9aa1081257533499514d2effac140f2bd1effe09f808""}"
qubit_transpiled,10,20,4,20260930,4,1.3237694899980852,COMPLETED,,True,16777216,67108864,34359738368,21600.0,1.0.1,"{""bell_backend"": ""QuickQudits QuantumCircuit d=2, same exact Bell sequence"", ""encoding"": {""0"": ""00"", ""1"": ""01"", ""2"": ""10"", ""invalid"": ""11""}, ""grid_backend"": ""two full QuickQudits QuantumCircuit d=2 statevectors, 2m qubits each"", ""memory_guard"": ""four dense vectors within configured ceiling and half available memory"", ""player_grid_count"": 2, ""synthetic_scaling_point"": true, ""systems_per_player"": 20, ""tableau_array_bytes_per_player"": null, ""transpiled_gates"": ""qutrit X -> X(q0), CX(q0,q1), CX(q1,q0); invalid 11 fixed"", ""workload_seed_derivation"": ""SnaQ3-v2 master/m/repetition independent streams"", ""workload_sha256"": ""b399f96a88ecbbe402010517649d27d6ce69bbe47b5a31ea8c0b63cc49241206""}"
qubit_transpiled,11,22,0,20260930,4,7.272718619999068,COMPLETED,,True,67108864,268435456,34359738368,21600.0,1.0.1,"{""bell_backend"": ""QuickQudits QuantumCircuit d=2, same exact Bell sequence"", ""encoding"": {""0"": ""00"", ""1"": ""01"", ""2"": ""10"", ""invalid"": ""11""}, ""grid_backend"": ""two full QuickQudits QuantumCircuit d=2 statevectors, 2m qubits each"", ""memory_guard"": ""four dense vectors within configured ceiling and half available memory"", ""player_grid_count"": 2, ""synthetic_scaling_point"": true, ""systems_per_player"": 22, ""tableau_array_bytes_per_player"": null, ""transpiled_gates"": ""qutrit X -> X(q0), CX(q0,q1), CX(q1,q0); invalid 11 fixed"", ""workload_seed_derivation"": ""SnaQ3-v2 master/m/repetition independent streams"", ""workload_sha256"": ""cbb32e04c8a79bbf52453674e95c0c78b8d256db60965fee0bcdb311b7e70d0a""}"
qubit_transpiled,11,22,1,20260930,4,7.228163825999218,COMPLETED,,True,67108864,268435456,34359738368,21600.0,1.0.1,"{""bell_backend"": ""QuickQudits QuantumCircuit d=2, same exact Bell sequence"", ""encoding"": {""0"": ""00"", ""1"": ""01"", ""2"": ""10"", ""invalid"": ""11""}, ""grid_backend"": ""two full QuickQudits QuantumCircuit d=2 statevectors, 2m qubits each"", ""memory_guard"": ""four dense vectors within configured ceiling and half available memory"", ""player_grid_count"": 2, ""synthetic_scaling_point"": true, ""systems_per_player"": 22, ""tableau_array_bytes_per_player"": null, ""transpiled_gates"": ""qutrit X -> X(q0), CX(q0,q1), CX(q1,q0); invalid 11 fixed"", ""workload_seed_derivation"": ""SnaQ3-v2 master/m/repetition independent streams"", ""workload_sha256"": ""d8cf2b66834ae46bcb708313561165c0c4f09cc8850773bfaca723ab655db323""}"
qubit_transpiled,11,22,2,20260930,4,7.121880572998634,COMPLETED,,True,67108864,268435456,34359738368,21600.0,1.0.1,"{""bell_backend"": ""QuickQudits QuantumCircuit d=2, same exact Bell sequence"", ""encoding"": {""0"": ""00"", ""1"": ""01"", ""2"": ""10"", ""invalid"": ""11""}, ""grid_backend"": ""two full QuickQudits QuantumCircuit d=2 statevectors, 2m qubits each"", ""memory_guard"": ""four dense vectors within configured ceiling and half available memory"", ""player_grid_count"": 2, ""synthetic_scaling_point"": true, ""systems_per_player"": 22, ""tableau_array_bytes_per_player"": null, ""transpiled_gates"": ""qutrit X -> X(q0), CX(q0,q1), CX(q1,q0); invalid 11 fixed"", ""workload_seed_derivation"": ""SnaQ3-v2 master/m/repetition independent streams"", ""workload_sha256"": ""1097b6e22039d15bf81d63e3aede262f2ba0d0573cc9ef1b09f03c3d51b31bc8""}"
qubit_transpiled,11,22,3,20260930,4,7.1058477830010816,COMPLETED,,True,67108864,268435456,34359738368,21600.0,1.0.1,"{""bell_backend"": ""QuickQudits QuantumCircuit d=2, same exact Bell sequence"", ""encoding"": {""0"": ""00"", ""1"": ""01"", ""2"": ""10"", ""invalid"": ""11""}, ""grid_backend"": ""two full QuickQudits QuantumCircuit d=2 statevectors, 2m qubits each"", ""memory_guard"": ""four dense vectors within configured ceiling and half available memory"", ""player_grid_count"": 2, ""synthetic_scaling_point"": true, ""systems_per_player"": 22, ""tableau_array_bytes_per_player"": null, ""transpiled_gates"": ""qutrit X -> X(q0), CX(q0,q1), CX(q1,q0); invalid 11 fixed"", ""workload_seed_derivation"": ""SnaQ3-v2 master/m/repetition independent streams"", ""workload_sha256"": ""20db147021e7c906572d9df0f347c058e15420d36fe580b4888a1d0bcabaf699""}"
qubit_transpiled,11,22,4,20260930,4,7.035915655000281,COMPLETED,,True,67108864,268435456,34359738368,21600.0,1.0.1,"{""bell_backend"": ""QuickQudits QuantumCircuit d=2, same exact Bell sequence"", ""encoding"": {""0"": ""00"", ""1"": ""01"", ""2"": ""10"", ""invalid"": ""11""}, ""grid_backend"": ""two full QuickQudits QuantumCircuit d=2 statevectors, 2m qubits each"", ""memory_guard"": ""four dense vectors within configured ceiling and half available memory"", ""player_grid_count"": 2, ""synthetic_scaling_point"": true, ""systems_per_player"": 22, ""tableau_array_bytes_per_player"": null, ""transpiled_gates"": ""qutrit X -> X(q0), CX(q0,q1), CX(q1,q0); invalid 11 fixed"", ""workload_seed_derivation"": ""SnaQ3-v2 master/m/repetition independent streams"", ""workload_sha256"": ""8836030320e5d123fe26770dd1a93887e444d969a1617a62d91776a7deb1946e""}"
qutrit_circuit_exact,12,12,0,20260930,4,0.19634454799961532,COMPLETED,,True,8503056,34012224,34359738368,21600.0,1.0.1,"{""bell_backend"": ""QuickQudits QuantumCircuit d=2"", ""gate_sequence"": ""grid X; movement H S^x; Bell H(0) CX(0,1); observable Sdag H T^k H S"", ""grid_backend"": ""two full QuickQudits QuantumCircuit d=3 statevectors"", ""memory_guard"": ""four dense vectors within configured ceiling and half available memory"", ""observable_angles"": {""Alice"": [0.0, 0.7853981633974483, 0.0, 0.7853981633974483], ""Bob"": [0.39269908169872414, -0.39269908169872414, 0.39269908169872414, -0.39269908169872414]}, ""player_grid_count"": 2, ""synthetic_scaling_point"": true, ""systems_per_player"": 12, ""tableau_array_bytes_per_player"": null, ""workload_seed_derivation"": ""SnaQ3-v2 master/m/repetition independent streams"", ""workload_sha256"": ""eacf7b9f9a3890dc00e4dc4f78fcbf645d41be53249c1891075437badc27768e""}"
qutrit_circuit_exact,12,12,1,20260930,4,0.21905747399796383,COMPLETED,,True,8503056,34012224,34359738368,21600.0,1.0.1,"{""bell_backend"": ""QuickQudits QuantumCircuit d=2"", ""gate_sequence"": ""grid X; movement H S^x; Bell H(0) CX(0,1); observable Sdag H T^k H S"", ""grid_backend"": ""two full QuickQudits QuantumCircuit d=3 statevectors"", ""memory_guard"": ""four dense vectors within configured ceiling and half available memory"", ""observable_angles"": {""Alice"": [0.0, 0.7853981633974483, 0.0, 0.7853981633974483], ""Bob"": [0.39269908169872414, -0.39269908169872414, 0.39269908169872414, -0.39269908169872414]}, ""player_grid_count"": 2, ""synthetic_scaling_point"": true, ""systems_per_player"": 12, ""tableau_array_bytes_per_player"": null, ""workload_seed_derivation"": ""SnaQ3-v2 master/m/repetition independent streams"", ""workload_sha256"": ""cc3a13a536f78cad28b49c14f5f0a11e728bb2359beb033c7e617f66d47b6463""}"
qutrit_circuit_exact,12,12,2,20260930,4,0.27337013199939975,COMPLETED,,True,8503056,34012224,34359738368,21600.0,1.0.1,"{""bell_backend"": ""QuickQudits QuantumCircuit d=2"", ""gate_sequence"": ""grid X; movement H S^x; Bell H(0) CX(0,1); observable Sdag H T^k H S"", ""grid_backend"": ""two full QuickQudits QuantumCircuit d=3 statevectors"", ""memory_guard"": ""four dense vectors within configured ceiling and half available memory"", ""observable_angles"": {""Alice"": [0.0, 0.7853981633974483, 0.0, 0.7853981633974483], ""Bob"": [0.39269908169872414, -0.39269908169872414, 0.39269908169872414, -0.39269908169872414]}, ""player_grid_count"": 2, ""synthetic_scaling_point"": true, ""systems_per_player"": 12, ""tableau_array_bytes_per_player"": null, ""workload_seed_derivation"": ""SnaQ3-v2 master/m/repetition independent streams"", ""workload_sha256"": ""42b821d106fa9e91aca1a8a1ec9cc914b8962c543072e97c4c113ffb78fb6ecb""}"
qutrit_circuit_exact,12,12,3,20260930,4,0.2471971590020985,COMPLETED,,True,8503056,34012224,34359738368,21600.0,1.0.1,"{""bell_backend"": ""QuickQudits QuantumCircuit d=2"", ""gate_sequence"": ""grid X; movement H S^x; Bell H(0) CX(0,1); observable Sdag H T^k H S"", ""grid_backend"": ""two full QuickQudits QuantumCircuit d=3 statevectors"", ""memory_guard"": ""four dense vectors within configured ceiling and half available memory"", ""observable_angles"": {""Alice"": [0.0, 0.7853981633974483, 0.0, 0.7853981633974483], ""Bob"": [0.39269908169872414, -0.39269908169872414, 0.39269908169872414, -0.39269908169872414]}, ""player_grid_count"": 2, ""synthetic_scaling_point"": true, ""systems_per_player"": 12, ""tableau_array_bytes_per_player"": null, ""workload_seed_derivation"": ""SnaQ3-v2 master/m/repetition independent streams"", ""workload_sha256"": ""41d217ff316a43f544f58b05012bfe343429d9b725f648b953dae5822b5b919c""}"
qutrit_circuit_exact,12,12,4,20260930,4,0.22007704899806413,COMPLETED,,True,8503056,34012224,34359738368,21600.0,1.0.1,"{""bell_backend"": ""QuickQudits QuantumCircuit d=2"", ""gate_sequence"": ""grid X; movement H S^x; Bell H(0) CX(0,1); observable Sdag H T^k H S"", ""grid_backend"": ""two full QuickQudits QuantumCircuit d=3 statevectors"", ""memory_guard"": ""four dense vectors within configured ceiling and half available memory"", ""observable_angles"": {""Alice"": [0.0, 0.7853981633974483, 0.0, 0.7853981633974483], ""Bob"": [0.39269908169872414, -0.39269908169872414, 0.39269908169872414, -0.39269908169872414]}, ""player_grid_count"": 2, ""synthetic_scaling_point"": true, ""systems_per_player"": 12, ""tableau_array_bytes_per_player"": null, ""workload_seed_derivation"": ""SnaQ3-v2 master/m/repetition independent streams"", ""workload_sha256"": ""e3e618951495ad3e9878e770f890c28828e44320bd0c844e405f53c159466198""}"
qubit_transpiled,12,24,0,20260930,4,25.38537862800149,COMPLETED,,True,268435456,1073741824,34359738368,21600.0,1.0.1,"{""bell_backend"": ""QuickQudits QuantumCircuit d=2, same exact Bell sequence"", ""encoding"": {""0"": ""00"", ""1"": ""01"", ""2"": ""10"", ""invalid"": ""11""}, ""grid_backend"": ""two full QuickQudits QuantumCircuit d=2 statevectors, 2m qubits each"", ""memory_guard"": ""four dense vectors within configured ceiling and half available memory"", ""player_grid_count"": 2, ""synthetic_scaling_point"": true, ""systems_per_player"": 24, ""tableau_array_bytes_per_player"": null, ""transpiled_gates"": ""qutrit X -> X(q0), CX(q0,q1), CX(q1,q0); invalid 11 fixed"", ""workload_seed_derivation"": ""SnaQ3-v2 master/m/repetition independent streams"", ""workload_sha256"": ""eacf7b9f9a3890dc00e4dc4f78fcbf645d41be53249c1891075437badc27768e""}"
qubit_transpiled,12,24,1,20260930,4,25.220176246999472,COMPLETED,,True,268435456,1073741824,34359738368,21600.0,1.0.1,"{""bell_backend"": ""QuickQudits QuantumCircuit d=2, same exact Bell sequence"", ""encoding"": {""0"": ""00"", ""1"": ""01"", ""2"": ""10"", ""invalid"": ""11""}, ""grid_backend"": ""two full QuickQudits QuantumCircuit d=2 statevectors, 2m qubits each"", ""memory_guard"": ""four dense vectors within configured ceiling and half available memory"", ""player_grid_count"": 2, ""synthetic_scaling_point"": true, ""systems_per_player"": 24, ""tableau_array_bytes_per_player"": null, ""transpiled_gates"": ""qutrit X -> X(q0), CX(q0,q1), CX(q1,q0); invalid 11 fixed"", ""workload_seed_derivation"": ""SnaQ3-v2 master/m/repetition independent streams"", ""workload_sha256"": ""cc3a13a536f78cad28b49c14f5f0a11e728bb2359beb033c7e617f66d47b6463""}"
qubit_transpiled,12,24,2,20260930,4,25.945419879000838,COMPLETED,,True,268435456,1073741824,34359738368,21600.0,1.0.1,"{""bell_backend"": ""QuickQudits QuantumCircuit d=2, same exact Bell sequence"", ""encoding"": {""0"": ""00"", ""1"": ""01"", ""2"": ""10"", ""invalid"": ""11""}, ""grid_backend"": ""two full QuickQudits QuantumCircuit d=2 statevectors, 2m qubits each"", ""memory_guard"": ""four dense vectors within configured ceiling and half available memory"", ""player_grid_count"": 2, ""synthetic_scaling_point"": true, ""systems_per_player"": 24, ""tableau_array_bytes_per_player"": null, ""transpiled_gates"": ""qutrit X -> X(q0), CX(q0,q1), CX(q1,q0); invalid 11 fixed"", ""workload_seed_derivation"": ""SnaQ3-v2 master/m/repetition independent streams"", ""workload_sha256"": ""42b821d106fa9e91aca1a8a1ec9cc914b8962c543072e97c4c113ffb78fb6ecb""}"
qubit_transpiled,12,24,3,20260930,4,25.22060143699855,COMPLETED,,True,268435456,1073741824,34359738368,21600.0,1.0.1,"{""bell_backend"": ""QuickQudits QuantumCircuit d=2, same exact Bell sequence"", ""encoding"": {""0"": ""00"", ""1"": ""01"", ""2"": ""10"", ""invalid"": ""11""}, ""grid_backend"": ""two full QuickQudits QuantumCircuit d=2 statevectors, 2m qubits each"", ""memory_guard"": ""four dense vectors within configured ceiling and half available memory"", ""player_grid_count"": 2, ""synthetic_scaling_point"": true, ""systems_per_player"": 24, ""tableau_array_bytes_per_player"": null, ""transpiled_gates"": ""qutrit X -> X(q0), CX(q0,q1), CX(q1,q0); invalid 11 fixed"", ""workload_seed_derivation"": ""SnaQ3-v2 master/m/repetition independent streams"", ""workload_sha256"": ""41d217ff316a43f544f58b05012bfe343429d9b725f648b953dae5822b5b919c""}"
qubit_transpiled,12,24,4,20260930,4,24.469395595002425,COMPLETED,,True,268435456,1073741824,34359738368,21600.0,1.0.1,"{""bell_backend"": ""QuickQudits QuantumCircuit d=2, same exact Bell sequence"", ""encoding"": {""0"": ""00"", ""1"": ""01"", ""2"": ""10"", ""invalid"": ""11""}, ""grid_backend"": ""two full QuickQudits QuantumCircuit d=2 statevectors, 2m qubits each"", ""memory_guard"": ""four dense vectors within configured ceiling and half available memory"", ""player_grid_count"": 2, ""synthetic_scaling_point"": true, ""systems_per_player"": 24, ""tableau_array_bytes_per_player"": null, ""transpiled_gates"": ""qutrit X -> X(q0), CX(q0,q1), CX(q1,q0); invalid 11 fixed"", ""workload_seed_derivation"": ""SnaQ3-v2 master/m/repetition independent streams"", ""workload_sha256"": ""e3e618951495ad3e9878e770f890c28828e44320bd0c844e405f53c159466198""}"
qubit_transpiled,13,26,0,20260930,4,96.98050635700201,COMPLETED,,True,1073741824,4294967296,34359738368,21600.0,1.0.1,"{""bell_backend"": ""QuickQudits QuantumCircuit d=2, same exact Bell sequence"", ""encoding"": {""0"": ""00"", ""1"": ""01"", ""2"": ""10"", ""invalid"": ""11""}, ""grid_backend"": ""two full QuickQudits QuantumCircuit d=2 statevectors, 2m qubits each"", ""memory_guard"": ""four dense vectors within configured ceiling and half available memory"", ""player_grid_count"": 2, ""synthetic_scaling_point"": true, ""systems_per_player"": 26, ""tableau_array_bytes_per_player"": null, ""transpiled_gates"": ""qutrit X -> X(q0), CX(q0,q1), CX(q1,q0); invalid 11 fixed"", ""workload_seed_derivation"": ""SnaQ3-v2 master/m/repetition independent streams"", ""workload_sha256"": ""aabfece51552925e50bbfd616804d70bd615180af3c3894524daa842baba6972""}"
qubit_transpiled,13,26,1,20260930,4,98.223850088998,COMPLETED,,True,1073741824,4294967296,34359738368,21600.0,1.0.1,"{""bell_backend"": ""QuickQudits QuantumCircuit d=2, same exact Bell sequence"", ""encoding"": {""0"": ""00"", ""1"": ""01"", ""2"": ""10"", ""invalid"": ""11""}, ""grid_backend"": ""two full QuickQudits QuantumCircuit d=2 statevectors, 2m qubits each"", ""memory_guard"": ""four dense vectors within configured ceiling and half available memory"", ""player_grid_count"": 2, ""synthetic_scaling_point"": true, ""systems_per_player"": 26, ""tableau_array_bytes_per_player"": null, ""transpiled_gates"": ""qutrit X -> X(q0), CX(q0,q1), CX(q1,q0); invalid 11 fixed"", ""workload_seed_derivation"": ""SnaQ3-v2 master/m/repetition independent streams"", ""workload_sha256"": ""92bf50cf0541a8a37350fd39bc2aa055ce5288fa375b948ebabb7c016e3f379b""}"
qubit_transpiled,13,26,2,20260930,4,92.92957700199986,COMPLETED,,True,1073741824,4294967296,34359738368,21600.0,1.0.1,"{""bell_backend"": ""QuickQudits QuantumCircuit d=2, same exact Bell sequence"", ""encoding"": {""0"": ""00"", ""1"": ""01"", ""2"": ""10"", ""invalid"": ""11""}, ""grid_backend"": ""two full QuickQudits QuantumCircuit d=2 statevectors, 2m qubits each"", ""memory_guard"": ""four dense vectors within configured ceiling and half available memory"", ""player_grid_count"": 2, ""synthetic_scaling_point"": true, ""systems_per_player"": 26, ""tableau_array_bytes_per_player"": null, ""transpiled_gates"": ""qutrit X -> X(q0), CX(q0,q1), CX(q1,q0); invalid 11 fixed"", ""workload_seed_derivation"": ""SnaQ3-v2 master/m/repetition independent streams"", ""workload_sha256"": ""568e71eab5a791db9c912b721a7d22e441ea5033439a91ca36d69a68dd9822b8""}"
qubit_transpiled,13,26,3,20260930,4,93.02005094999913,COMPLETED,,True,1073741824,4294967296,34359738368,21600.0,1.0.1,"{""bell_backend"": ""QuickQudits QuantumCircuit d=2, same exact Bell sequence"", ""encoding"": {""0"": ""00"", ""1"": ""01"", ""2"": ""10"", ""invalid"": ""11""}, ""grid_backend"": ""two full QuickQudits QuantumCircuit d=2 statevectors, 2m qubits each"", ""memory_guard"": ""four dense vectors within configured ceiling and half available memory"", ""player_grid_count"": 2, ""synthetic_scaling_point"": true, ""systems_per_player"": 26, ""tableau_array_bytes_per_player"": null, ""transpiled_gates"": ""qutrit X -> X(q0), CX(q0,q1), CX(q1,q0); invalid 11 fixed"", ""workload_seed_derivation"": ""SnaQ3-v2 master/m/repetition independent streams"", ""workload_sha256"": ""32824af3119d0350234f30643bdecb7363f38d056198ca3e7e92ff3ad2f0cb24""}"
qubit_transpiled,13,26,4,20260930,4,91.56536252500155,COMPLETED,,True,1073741824,4294967296,34359738368,21600.0,1.0.1,"{""bell_backend"": ""QuickQudits QuantumCircuit d=2, same exact Bell sequence"", ""encoding"": {""0"": ""00"", ""1"": ""01"", ""2"": ""10"", ""invalid"": ""11""}, ""grid_backend"": ""two full QuickQudits QuantumCircuit d=2 statevectors, 2m qubits each"", ""memory_guard"": ""four dense vectors within configured ceiling and half available memory"", ""player_grid_count"": 2, ""synthetic_scaling_point"": true, ""systems_per_player"": 26, ""tableau_array_bytes_per_player"": null, ""transpiled_gates"": ""qutrit X -> X(q0), CX(q0,q1), CX(q1,q0); invalid 11 fixed"", ""workload_seed_derivation"": ""SnaQ3-v2 master/m/repetition independent streams"", ""workload_sha256"": ""0067e61bcac9e4da1a92f945b6eaf3982904de345ec0cbeaed102e7ab5d98eba""}"
qutrit_circuit_exact,14,14,0,20260930,4,3.2739526449986442,COMPLETED,,True,76527504,306110016,34359738368,21600.0,1.0.1,"{""bell_backend"": ""QuickQudits QuantumCircuit d=2"", ""gate_sequence"": ""grid X; movement H S^x; Bell H(0) CX(0,1); observable Sdag H T^k H S"", ""grid_backend"": ""two full QuickQudits QuantumCircuit d=3 statevectors"", ""memory_guard"": ""four dense vectors within configured ceiling and half available memory"", ""observable_angles"": {""Alice"": [0.0, 0.7853981633974483, 0.0, 0.7853981633974483], ""Bob"": [0.39269908169872414, -0.39269908169872414, 0.39269908169872414, -0.39269908169872414]}, ""player_grid_count"": 2, ""synthetic_scaling_point"": true, ""systems_per_player"": 14, ""tableau_array_bytes_per_player"": null, ""workload_seed_derivation"": ""SnaQ3-v2 master/m/repetition independent streams"", ""workload_sha256"": ""bc48b53030b52f2edc552d88960f5b486dec262500034dfd51e37f0df9041c23""}"
qutrit_circuit_exact,14,14,1,20260930,4,3.0590718839994224,COMPLETED,,True,76527504,306110016,34359738368,21600.0,1.0.1,"{""bell_backend"": ""QuickQudits QuantumCircuit d=2"", ""gate_sequence"": ""grid X; movement H S^x; Bell H(0) CX(0,1); observable Sdag H T^k H S"", ""grid_backend"": ""two full QuickQudits QuantumCircuit d=3 statevectors"", ""memory_guard"": ""four dense vectors within configured ceiling and half available memory"", ""observable_angles"": {""Alice"": [0.0, 0.7853981633974483, 0.0, 0.7853981633974483], ""Bob"": [0.39269908169872414, -0.39269908169872414, 0.39269908169872414, -0.39269908169872414]}, ""player_grid_count"": 2, ""synthetic_scaling_point"": true, ""systems_per_player"": 14, ""tableau_array_bytes_per_player"": null, ""workload_seed_derivation"": ""SnaQ3-v2 master/m/repetition independent streams"", ""workload_sha256"": ""ffb380ec2c6fd9a3192348764c76fc9ede903f635301def4e0ae143ba94c3f01""}"
qutrit_circuit_exact,14,14,2,20260930,4,2.972032125999249,COMPLETED,,True,76527504,306110016,34359738368,21600.0,1.0.1,"{""bell_backend"": ""QuickQudits QuantumCircuit d=2"", ""gate_sequence"": ""grid X; movement H S^x; Bell H(0) CX(0,1); observable Sdag H T^k H S"", ""grid_backend"": ""two full QuickQudits QuantumCircuit d=3 statevectors"", ""memory_guard"": ""four dense vectors within configured ceiling and half available memory"", ""observable_angles"": {""Alice"": [0.0, 0.7853981633974483, 0.0, 0.7853981633974483], ""Bob"": [0.39269908169872414, -0.39269908169872414, 0.39269908169872414, -0.39269908169872414]}, ""player_grid_count"": 2, ""synthetic_scaling_point"": true, ""systems_per_player"": 14, ""tableau_array_bytes_per_player"": null, ""workload_seed_derivation"": ""SnaQ3-v2 master/m/repetition independent streams"", ""workload_sha256"": ""09f43a3d2c81ae7074d65e8d9994365dec3adc08561ddbcf8285ee192ebeabed""}"
qutrit_circuit_exact,14,14,3,20260930,4,3.1380393560029916,COMPLETED,,True,76527504,306110016,34359738368,21600.0,1.0.1,"{""bell_backend"": ""QuickQudits QuantumCircuit d=2"", ""gate_sequence"": ""grid X; movement H S^x; Bell H(0) CX(0,1); observable Sdag H T^k H S"", ""grid_backend"": ""two full QuickQudits QuantumCircuit d=3 statevectors"", ""memory_guard"": ""four dense vectors within configured ceiling and half available memory"", ""observable_angles"": {""Alice"": [0.0, 0.7853981633974483, 0.0, 0.7853981633974483], ""Bob"": [0.39269908169872414, -0.39269908169872414, 0.39269908169872414, -0.39269908169872414]}, ""player_grid_count"": 2, ""synthetic_scaling_point"": true, ""systems_per_player"": 14, ""tableau_array_bytes_per_player"": null, ""workload_seed_derivation"": ""SnaQ3-v2 master/m/repetition independent streams"", ""workload_sha256"": ""1be1d2909799a3615583a61e21ff1578dc00f72a1c2d0ede1dfef0d617d7160a""}"
qutrit_circuit_exact,14,14,4,20260930,4,3.0280574030002754,COMPLETED,,True,76527504,306110016,34359738368,21600.0,1.0.1,"{""bell_backend"": ""QuickQudits QuantumCircuit d=2"", ""gate_sequence"": ""grid X; movement H S^x; Bell H(0) CX(0,1); observable Sdag H T^k H S"", ""grid_backend"": ""two full QuickQudits QuantumCircuit d=3 statevectors"", ""memory_guard"": ""four dense vectors within configured ceiling and half available memory"", ""observable_angles"": {""Alice"": [0.0, 0.7853981633974483, 0.0, 0.7853981633974483], ""Bob"": [0.39269908169872414, -0.39269908169872414, 0.39269908169872414, -0.39269908169872414]}, ""player_grid_count"": 2, ""synthetic_scaling_point"": true, ""systems_per_player"": 14, ""tableau_array_bytes_per_player"": null, ""workload_seed_derivation"": ""SnaQ3-v2 master/m/repetition independent streams"", ""workload_sha256"": ""4fc12f8a6a8a6386895168daa6374e036c2d3b0298c3052f49b47bdf5ffc5788""}"
qubit_transpiled,14,28,0,20260930,4,,OOM,available-memory guard: estimated working set exceeds current safe limit,True,4294967296,17179869184,34359738368,21600.0,1.0.1,"{""bell_backend"": ""QuickQudits QuantumCircuit d=2, same exact Bell sequence"", ""encoding"": {""0"": ""00"", ""1"": ""01"", ""2"": ""10"", ""invalid"": ""11""}, ""grid_backend"": ""two full QuickQudits QuantumCircuit d=2 statevectors, 2m qubits each"", ""memory_guard"": ""four dense vectors within configured ceiling and half available memory"", ""player_grid_count"": 2, ""synthetic_scaling_point"": true, ""systems_per_player"": 28, ""transpiled_gates"": ""qutrit X -> X(q0), CX(q0,q1), CX(q1,q0); invalid 11 fixed"", ""workload_seed_derivation"": ""SnaQ3-v2 master/m/repetition independent streams""}"
qubit_transpiled,14,28,1,20260930,4,,OOM,available-memory guard: estimated working set exceeds current safe limit,True,4294967296,17179869184,34359738368,21600.0,1.0.1,"{""bell_backend"": ""QuickQudits QuantumCircuit d=2, same exact Bell sequence"", ""encoding"": {""0"": ""00"", ""1"": ""01"", ""2"": ""10"", ""invalid"": ""11""}, ""grid_backend"": ""two full QuickQudits QuantumCircuit d=2 statevectors, 2m qubits each"", ""memory_guard"": ""four dense vectors within configured ceiling and half available memory"", ""player_grid_count"": 2, ""synthetic_scaling_point"": true, ""systems_per_player"": 28, ""transpiled_gates"": ""qutrit X -> X(q0), CX(q0,q1), CX(q1,q0); invalid 11 fixed"", ""workload_seed_derivation"": ""SnaQ3-v2 master/m/repetition independent streams""}"
qubit_transpiled,14,28,2,20260930,4,,OOM,available-memory guard: estimated working set exceeds current safe limit,True,4294967296,17179869184,34359738368,21600.0,1.0.1,"{""bell_backend"": ""QuickQudits QuantumCircuit d=2, same exact Bell sequence"", ""encoding"": {""0"": ""00"", ""1"": ""01"", ""2"": ""10"", ""invalid"": ""11""}, ""grid_backend"": ""two full QuickQudits QuantumCircuit d=2 statevectors, 2m qubits each"", ""memory_guard"": ""four dense vectors within configured ceiling and half available memory"", ""player_grid_count"": 2, ""synthetic_scaling_point"": true, ""systems_per_player"": 28, ""transpiled_gates"": ""qutrit X -> X(q0), CX(q0,q1), CX(q1,q0); invalid 11 fixed"", ""workload_seed_derivation"": ""SnaQ3-v2 master/m/repetition independent streams""}"
qubit_transpiled,14,28,3,20260930,4,,OOM,available-memory guard: estimated working set exceeds current safe limit,True,4294967296,17179869184,34359738368,21600.0,1.0.1,"{""bell_backend"": ""QuickQudits QuantumCircuit d=2, same exact Bell sequence"", ""encoding"": {""0"": ""00"", ""1"": ""01"", ""2"": ""10"", ""invalid"": ""11""}, ""grid_backend"": ""two full QuickQudits QuantumCircuit d=2 statevectors, 2m qubits each"", ""memory_guard"": ""four dense vectors within configured ceiling and half available memory"", ""player_grid_count"": 2, ""synthetic_scaling_point"": true, ""systems_per_player"": 28, ""transpiled_gates"": ""qutrit X -> X(q0), CX(q0,q1), CX(q1,q0); invalid 11 fixed"", ""workload_seed_derivation"": ""SnaQ3-v2 master/m/repetition independent streams""}"
qubit_transpiled,14,28,4,20260930,4,,OOM,available-memory guard: estimated working set exceeds current safe limit,True,4294967296,17179869184,34359738368,21600.0,1.0.1,"{""bell_backend"": ""QuickQudits QuantumCircuit d=2, same exact Bell sequence"", ""encoding"": {""0"": ""00"", ""1"": ""01"", ""2"": ""10"", ""invalid"": ""11""}, ""grid_backend"": ""two full QuickQudits QuantumCircuit d=2 statevectors, 2m qubits each"", ""memory_guard"": ""four dense vectors within configured ceiling and half available memory"", ""player_grid_count"": 2, ""synthetic_scaling_point"": true, ""systems_per_player"": 28, ""transpiled_gates"": ""qutrit X -> X(q0), CX(q0,q1), CX(q1,q0); invalid 11 fixed"", ""workload_seed_derivation"": ""SnaQ3-v2 master/m/repetition independent streams""}"
qubit_transpiled,15,30,0,20260930,4,,OOM,configured memory guard: estimated working set exceeds limit,True,17179869184,68719476736,34359738368,21600.0,1.0.1,"{""bell_backend"": ""QuickQudits QuantumCircuit d=2, same exact Bell sequence"", ""encoding"": {""0"": ""00"", ""1"": ""01"", ""2"": ""10"", ""invalid"": ""11""}, ""grid_backend"": ""two full QuickQudits QuantumCircuit d=2 statevectors, 2m qubits each"", ""memory_guard"": ""four dense vectors within configured ceiling and half available memory"", ""player_grid_count"": 2, ""synthetic_scaling_point"": true, ""systems_per_player"": 30, ""transpiled_gates"": ""qutrit X -> X(q0), CX(q0,q1), CX(q1,q0); invalid 11 fixed"", ""workload_seed_derivation"": ""SnaQ3-v2 master/m/repetition independent streams""}"
qubit_transpiled,15,30,1,20260930,4,,OOM,configured memory guard: estimated working set exceeds limit,True,17179869184,68719476736,34359738368,21600.0,1.0.1,"{""bell_backend"": ""QuickQudits QuantumCircuit d=2, same exact Bell sequence"", ""encoding"": {""0"": ""00"", ""1"": ""01"", ""2"": ""10"", ""invalid"": ""11""}, ""grid_backend"": ""two full QuickQudits QuantumCircuit d=2 statevectors, 2m qubits each"", ""memory_guard"": ""four dense vectors within configured ceiling and half available memory"", ""player_grid_count"": 2, ""synthetic_scaling_point"": true, ""systems_per_player"": 30, ""transpiled_gates"": ""qutrit X -> X(q0), CX(q0,q1), CX(q1,q0); invalid 11 fixed"", ""workload_seed_derivation"": ""SnaQ3-v2 master/m/repetition independent streams""}"
qubit_transpiled,15,30,2,20260930,4,,OOM,configured memory guard: estimated working set exceeds limit,True,17179869184,68719476736,34359738368,21600.0,1.0.1,"{""bell_backend"": ""QuickQudits QuantumCircuit d=2, same exact Bell sequence"", ""encoding"": {""0"": ""00"", ""1"": ""01"", ""2"": ""10"", ""invalid"": ""11""}, ""grid_backend"": ""two full QuickQudits QuantumCircuit d=2 statevectors, 2m qubits each"", ""memory_guard"": ""four dense vectors within configured ceiling and half available memory"", ""player_grid_count"": 2, ""synthetic_scaling_point"": true, ""systems_per_player"": 30, ""transpiled_gates"": ""qutrit X -> X(q0), CX(q0,q1), CX(q1,q0); invalid 11 fixed"", ""workload_seed_derivation"": ""SnaQ3-v2 master/m/repetition independent streams""}"
qubit_transpiled,15,30,3,20260930,4,,OOM,configured memory guard: estimated working set exceeds limit,True,17179869184,68719476736,34359738368,21600.0,1.0.1,"{""bell_backend"": ""QuickQudits QuantumCircuit d=2, same exact Bell sequence"", ""encoding"": {""0"": ""00"", ""1"": ""01"", ""2"": ""10"", ""invalid"": ""11""}, ""grid_backend"": ""two full QuickQudits QuantumCircuit d=2 statevectors, 2m qubits each"", ""memory_guard"": ""four dense vectors within configured ceiling and half available memory"", ""player_grid_count"": 2, ""synthetic_scaling_point"": true, ""systems_per_player"": 30, ""transpiled_gates"": ""qutrit X -> X(q0), CX(q0,q1), CX(q1,q0); invalid 11 fixed"", ""workload_seed_derivation"": ""SnaQ3-v2 master/m/repetition independent streams""}"
qubit_transpiled,15,30,4,20260930,4,,OOM,configured memory guard: estimated working set exceeds limit,True,17179869184,68719476736,34359738368,21600.0,1.0.1,"{""bell_backend"": ""QuickQudits QuantumCircuit d=2, same exact Bell sequence"", ""encoding"": {""0"": ""00"", ""1"": ""01"", ""2"": ""10"", ""invalid"": ""11""}, ""grid_backend"": ""two full QuickQudits QuantumCircuit d=2 statevectors, 2m qubits each"", ""memory_guard"": ""four dense vectors within configured ceiling and half available memory"", ""player_grid_count"": 2, ""synthetic_scaling_point"": true, ""systems_per_player"": 30, ""transpiled_gates"": ""qutrit X -> X(q0), CX(q0,q1), CX(q1,q0); invalid 11 fixed"", ""workload_seed_derivation"": ""SnaQ3-v2 master/m/repetition independent streams""}"
qutrit_circuit_exact,17,17,0,20260930,4,,OOM,"MemoryError: Unable to allocate 1.92 GiB for an array with shape (3, 43046721) and data type complex128",True,2066242608,8264970432,34359738368,21600.0,1.0.1,"{""bell_backend"": ""QuickQudits QuantumCircuit d=2"", ""gate_sequence"": ""grid X; movement H S^x; Bell H(0) CX(0,1); observable Sdag H T^k H S"", ""grid_backend"": ""two full QuickQudits QuantumCircuit d=3 statevectors"", ""memory_guard"": ""four dense vectors within configured ceiling and half available memory"", ""observable_angles"": {""Alice"": [0.0, 0.7853981633974483, 0.0, 0.7853981633974483], ""Bob"": [0.39269908169872414, -0.39269908169872414, 0.39269908169872414, -0.39269908169872414]}, ""player_grid_count"": 2, ""synthetic_scaling_point"": true, ""systems_per_player"": 17, ""workload_seed_derivation"": ""SnaQ3-v2 master/m/repetition independent streams""}"
qutrit_circuit_exact,17,17,1,20260930,4,,OOM,"MemoryError: Unable to allocate 1.92 GiB for an array with shape (3, 43046721) and data type complex128",True,2066242608,8264970432,34359738368,21600.0,1.0.1,"{""bell_backend"": ""QuickQudits QuantumCircuit d=2"", ""gate_sequence"": ""grid X; movement H S^x; Bell H(0) CX(0,1); observable Sdag H T^k H S"", ""grid_backend"": ""two full QuickQudits QuantumCircuit d=3 statevectors"", ""memory_guard"": ""four dense vectors within configured ceiling and half available memory"", ""observable_angles"": {""Alice"": [0.0, 0.7853981633974483, 0.0, 0.7853981633974483], ""Bob"": [0.39269908169872414, -0.39269908169872414, 0.39269908169872414, -0.39269908169872414]}, ""player_grid_count"": 2, ""synthetic_scaling_point"": true, ""systems_per_player"": 17, ""workload_seed_derivation"": ""SnaQ3-v2 master/m/repetition independent streams""}"
qutrit_circuit_exact,17,17,2,20260930,4,,OOM,"MemoryError: Unable to allocate 1.92 GiB for an array with shape (3, 43046721) and data type complex128",True,2066242608,8264970432,34359738368,21600.0,1.0.1,"{""bell_backend"": ""QuickQudits QuantumCircuit d=2"", ""gate_sequence"": ""grid X; movement H S^x; Bell H(0) CX(0,1); observable Sdag H T^k H S"", ""grid_backend"": ""two full QuickQudits QuantumCircuit d=3 statevectors"", ""memory_guard"": ""four dense vectors within configured ceiling and half available memory"", ""observable_angles"": {""Alice"": [0.0, 0.7853981633974483, 0.0, 0.7853981633974483], ""Bob"": [0.39269908169872414, -0.39269908169872414, 0.39269908169872414, -0.39269908169872414]}, ""player_grid_count"": 2, ""synthetic_scaling_point"": true, ""systems_per_player"": 17, ""workload_seed_derivation"": ""SnaQ3-v2 master/m/repetition independent streams""}"
qutrit_circuit_exact,17,17,3,20260930,4,,OOM,"MemoryError: Unable to allocate 1.92 GiB for an array with shape (3, 43046721) and data type complex128",True,2066242608,8264970432,34359738368,21600.0,1.0.1,"{""bell_backend"": ""QuickQudits QuantumCircuit d=2"", ""gate_sequence"": ""grid X; movement H S^x; Bell H(0) CX(0,1); observable Sdag H T^k H S"", ""grid_backend"": ""two full QuickQudits QuantumCircuit d=3 statevectors"", ""memory_guard"": ""four dense vectors within configured ceiling and half available memory"", ""observable_angles"": {""Alice"": [0.0, 0.7853981633974483, 0.0, 0.7853981633974483], ""Bob"": [0.39269908169872414, -0.39269908169872414, 0.39269908169872414, -0.39269908169872414]}, ""player_grid_count"": 2, ""synthetic_scaling_point"": true, ""systems_per_player"": 17, ""workload_seed_derivation"": ""SnaQ3-v2 master/m/repetition independent streams""}"
qutrit_circuit_exact,17,17,4,20260930,4,,OOM,"MemoryError: Unable to allocate 1.92 GiB for an array with shape (3, 43046721) and data type complex128",True,2066242608,8264970432,34359738368,21600.0,1.0.1,"{""bell_backend"": ""QuickQudits QuantumCircuit d=2"", ""gate_sequence"": ""grid X; movement H S^x; Bell H(0) CX(0,1); observable Sdag H T^k H S"", ""grid_backend"": ""two full QuickQudits QuantumCircuit d=3 statevectors"", ""memory_guard"": ""four dense vectors within configured ceiling and half available memory"", ""observable_angles"": {""Alice"": [0.0, 0.7853981633974483, 0.0, 0.7853981633974483], ""Bob"": [0.39269908169872414, -0.39269908169872414, 0.39269908169872414, -0.39269908169872414]}, ""player_grid_count"": 2, ""synthetic_scaling_point"": true, ""systems_per_player"": 17, ""workload_seed_derivation"": ""SnaQ3-v2 master/m/repetition independent streams""}"
qutrit_circuit_exact,18,18,0,20260930,4,,OOM,available-memory guard: estimated working set exceeds current safe limit,True,6198727824,24794911296,34359738368,21600.0,1.0.1,"{""bell_backend"": ""QuickQudits QuantumCircuit d=2"", ""gate_sequence"": ""grid X; movement H S^x; Bell H(0) CX(0,1); observable Sdag H T^k H S"", ""grid_backend"": ""two full QuickQudits QuantumCircuit d=3 statevectors"", ""memory_guard"": ""four dense vectors within configured ceiling and half available memory"", ""observable_angles"": {""Alice"": [0.0, 0.7853981633974483, 0.0, 0.7853981633974483], ""Bob"": [0.39269908169872414, -0.39269908169872414, 0.39269908169872414, -0.39269908169872414]}, ""player_grid_count"": 2, ""synthetic_scaling_point"": true, ""systems_per_player"": 18, ""workload_seed_derivation"": ""SnaQ3-v2 master/m/repetition independent streams""}"
qutrit_circuit_exact,18,18,1,20260930,4,,OOM,available-memory guard: estimated working set exceeds current safe limit,True,6198727824,24794911296,34359738368,21600.0,1.0.1,"{""bell_backend"": ""QuickQudits QuantumCircuit d=2"", ""gate_sequence"": ""grid X; movement H S^x; Bell H(0) CX(0,1); observable Sdag H T^k H S"", ""grid_backend"": ""two full QuickQudits QuantumCircuit d=3 statevectors"", ""memory_guard"": ""four dense vectors within configured ceiling and half available memory"", ""observable_angles"": {""Alice"": [0.0, 0.7853981633974483, 0.0, 0.7853981633974483], ""Bob"": [0.39269908169872414, -0.39269908169872414, 0.39269908169872414, -0.39269908169872414]}, ""player_grid_count"": 2, ""synthetic_scaling_point"": true, ""systems_per_player"": 18, ""workload_seed_derivation"": ""SnaQ3-v2 master/m/repetition independent streams""}"
qutrit_circuit_exact,18,18,2,20260930,4,,OOM,available-memory guard: estimated working set exceeds current safe limit,True,6198727824,24794911296,34359738368,21600.0,1.0.1,"{""bell_backend"": ""QuickQudits QuantumCircuit d=2"", ""gate_sequence"": ""grid X; movement H S^x; Bell H(0) CX(0,1); observable Sdag H T^k H S"", ""grid_backend"": ""two full QuickQudits QuantumCircuit d=3 statevectors"", ""memory_guard"": ""four dense vectors within configured ceiling and half available memory"", ""observable_angles"": {""Alice"": [0.0, 0.7853981633974483, 0.0, 0.7853981633974483], ""Bob"": [0.39269908169872414, -0.39269908169872414, 0.39269908169872414, -0.39269908169872414]}, ""player_grid_count"": 2, ""synthetic_scaling_point"": true, ""systems_per_player"": 18, ""workload_seed_derivation"": ""SnaQ3-v2 master/m/repetition independent streams""}"
qutrit_circuit_exact,18,18,3,20260930,4,,OOM,available-memory guard: estimated working set exceeds current safe limit,True,6198727824,24794911296,34359738368,21600.0,1.0.1,"{""bell_backend"": ""QuickQudits QuantumCircuit d=2"", ""gate_sequence"": ""grid X; movement H S^x; Bell H(0) CX(0,1); observable Sdag H T^k H S"", ""grid_backend"": ""two full QuickQudits QuantumCircuit d=3 statevectors"", ""memory_guard"": ""four dense vectors within configured ceiling and half available memory"", ""observable_angles"": {""Alice"": [0.0, 0.7853981633974483, 0.0, 0.7853981633974483], ""Bob"": [0.39269908169872414, -0.39269908169872414, 0.39269908169872414, -0.39269908169872414]}, ""player_grid_count"": 2, ""synthetic_scaling_point"": true, ""systems_per_player"": 18, ""workload_seed_derivation"": ""SnaQ3-v2 master/m/repetition independent streams""}"
qutrit_circuit_exact,18,18,4,20260930,4,,OOM,available-memory guard: estimated working set exceeds current safe limit,True,6198727824,24794911296,34359738368,21600.0,1.0.1,"{""bell_backend"": ""QuickQudits QuantumCircuit d=2"", ""gate_sequence"": ""grid X; movement H S^x; Bell H(0) CX(0,1); observable Sdag H T^k H S"", ""grid_backend"": ""two full QuickQudits QuantumCircuit d=3 statevectors"", ""memory_guard"": ""four dense vectors within configured ceiling and half available memory"", ""observable_angles"": {""Alice"": [0.0, 0.7853981633974483, 0.0, 0.7853981633974483], ""Bob"": [0.39269908169872414, -0.39269908169872414, 0.39269908169872414, -0.39269908169872414]}, ""player_grid_count"": 2, ""synthetic_scaling_point"": true, ""systems_per_player"": 18, ""workload_seed_derivation"": ""SnaQ3-v2 master/m/repetition independent streams""}"
qutrit_circuit_exact,19,19,0,20260930,4,,OOM,configured memory guard: estimated working set exceeds limit,True,18596183472,74384733888,34359738368,21600.0,1.0.1,"{""bell_backend"": ""QuickQudits QuantumCircuit d=2"", ""gate_sequence"": ""grid X; movement H S^x; Bell H(0) CX(0,1); observable Sdag H T^k H S"", ""grid_backend"": ""two full QuickQudits QuantumCircuit d=3 statevectors"", ""memory_guard"": ""four dense vectors within configured ceiling and half available memory"", ""observable_angles"": {""Alice"": [0.0, 0.7853981633974483, 0.0, 0.7853981633974483], ""Bob"": [0.39269908169872414, -0.39269908169872414, 0.39269908169872414, -0.39269908169872414]}, ""player_grid_count"": 2, ""synthetic_scaling_point"": true, ""systems_per_player"": 19, ""workload_seed_derivation"": ""SnaQ3-v2 master/m/repetition independent streams""}"
qutrit_circuit_exact,19,19,1,20260930,4,,OOM,configured memory guard: estimated working set exceeds limit,True,18596183472,74384733888,34359738368,21600.0,1.0.1,"{""bell_backend"": ""QuickQudits QuantumCircuit d=2"", ""gate_sequence"": ""grid X; movement H S^x; Bell H(0) CX(0,1); observable Sdag H T^k H S"", ""grid_backend"": ""two full QuickQudits QuantumCircuit d=3 statevectors"", ""memory_guard"": ""four dense vectors within configured ceiling and half available memory"", ""observable_angles"": {""Alice"": [0.0, 0.7853981633974483, 0.0, 0.7853981633974483], ""Bob"": [0.39269908169872414, -0.39269908169872414, 0.39269908169872414, -0.39269908169872414]}, ""player_grid_count"": 2, ""synthetic_scaling_point"": true, ""systems_per_player"": 19, ""workload_seed_derivation"": ""SnaQ3-v2 master/m/repetition independent streams""}"
qutrit_circuit_exact,19,19,2,20260930,4,,OOM,configured memory guard: estimated working set exceeds limit,True,18596183472,74384733888,34359738368,21600.0,1.0.1,"{""bell_backend"": ""QuickQudits QuantumCircuit d=2"", ""gate_sequence"": ""grid X; movement H S^x; Bell H(0) CX(0,1); observable Sdag H T^k H S"", ""grid_backend"": ""two full QuickQudits QuantumCircuit d=3 statevectors"", ""memory_guard"": ""four dense vectors within configured ceiling and half available memory"", ""observable_angles"": {""Alice"": [0.0, 0.7853981633974483, 0.0, 0.7853981633974483], ""Bob"": [0.39269908169872414, -0.39269908169872414, 0.39269908169872414, -0.39269908169872414]}, ""player_grid_count"": 2, ""synthetic_scaling_point"": true, ""systems_per_player"": 19, ""workload_seed_derivation"": ""SnaQ3-v2 master/m/repetition independent streams""}"
qutrit_circuit_exact,19,19,3,20260930,4,,OOM,configured memory guard: estimated working set exceeds limit,True,18596183472,74384733888,34359738368,21600.0,1.0.1,"{""bell_backend"": ""QuickQudits QuantumCircuit d=2"", ""gate_sequence"": ""grid X; movement H S^x; Bell H(0) CX(0,1); observable Sdag H T^k H S"", ""grid_backend"": ""two full QuickQudits QuantumCircuit d=3 statevectors"", ""memory_guard"": ""four dense vectors within configured ceiling and half available memory"", ""observable_angles"": {""Alice"": [0.0, 0.7853981633974483, 0.0, 0.7853981633974483], ""Bob"": [0.39269908169872414, -0.39269908169872414, 0.39269908169872414, -0.39269908169872414]}, ""player_grid_count"": 2, ""synthetic_scaling_point"": true, ""systems_per_player"": 19, ""workload_seed_derivation"": ""SnaQ3-v2 master/m/repetition independent streams""}"
qutrit_circuit_exact,19,19,4,20260930,4,,OOM,configured memory guard: estimated working set exceeds limit,True,18596183472,74384733888,34359738368,21600.0,1.0.1,"{""bell_backend"": ""QuickQudits QuantumCircuit d=2"", ""gate_sequence"": ""grid X; movement H S^x; Bell H(0) CX(0,1); observable Sdag H T^k H S"", ""grid_backend"": ""two full QuickQudits QuantumCircuit d=3 statevectors"", ""memory_guard"": ""four dense vectors within configured ceiling and half available memory"", ""observable_angles"": {""Alice"": [0.0, 0.7853981633974483, 0.0, 0.7853981633974483], ""Bob"": [0.39269908169872414, -0.39269908169872414, 0.39269908169872414, -0.39269908169872414]}, ""player_grid_count"": 2, ""synthetic_scaling_point"": true, ""systems_per_player"": 19, ""workload_seed_derivation"": ""SnaQ3-v2 master/m/repetition independent streams""}"
