backend,repetition,seed,input_seed,resolver_seed,shots_per_input,total_samples,F_A,F_B,F_avg,p_win,status,error
qutrit_circuit_exact,0,20260929,10969924405465938806,8846701844705958849,1000,16000,0.639734375,0.639578125,0.63965625,0.852875,completed,
qutrit_tableau_clifford,0,20260929,10969924405465938806,8846701844705958849,1000,16000,0.556671875,0.561953125,0.5593125,0.74575,completed,
qubit_transpiled,0,20260929,10969924405465938806,8846701844705958849,1000,16000,0.639734375,0.639578125,0.63965625,0.852875,completed,
qubit_tableau_transpiled,0,20260929,10969924405465938806,8846701844705958849,1000,16000,0.556671875,0.561953125,0.5593125,0.74575,completed,
qutrit_circuit_exact,1,20260929,4008719555562606126,9684437151258752900,1000,16000,0.64609375,0.64071875,0.64340625,0.857875,completed,
qutrit_tableau_clifford,1,20260929,4008719555562606126,9684437151258752900,1000,16000,0.5595625,0.55934375,0.559453125,0.7459375,completed,
qubit_transpiled,1,20260929,4008719555562606126,9684437151258752900,1000,16000,0.64609375,0.64071875,0.64340625,0.857875,completed,
qubit_tableau_transpiled,1,20260929,4008719555562606126,9684437151258752900,1000,16000,0.5595625,0.55934375,0.559453125,0.7459375,completed,
qutrit_circuit_exact,2,20260929,11163566845163633237,15377424525552945207,1000,16000,0.640859375,0.635546875,0.638203125,0.8509375,completed,
qutrit_tableau_clifford,2,20260929,11163566845163633237,15377424525552945207,1000,16000,0.56109375,0.564,0.562546875,0.7500625,completed,
qubit_transpiled,2,20260929,11163566845163633237,15377424525552945207,1000,16000,0.640859375,0.635546875,0.638203125,0.8509375,completed,
qubit_tableau_transpiled,2,20260929,11163566845163633237,15377424525552945207,1000,16000,0.56109375,0.564,0.562546875,0.7500625,completed,
qutrit_circuit_exact,3,20260929,12067837291727168916,11325648661038286074,1000,16000,0.63728125,0.635375,0.636328125,0.8484375,completed,
qutrit_tableau_clifford,3,20260929,12067837291727168916,11325648661038286074,1000,16000,0.5674375,0.5665625,0.567,0.756,completed,
qubit_transpiled,3,20260929,12067837291727168916,11325648661038286074,1000,16000,0.63728125,0.635375,0.636328125,0.8484375,completed,
qubit_tableau_transpiled,3,20260929,12067837291727168916,11325648661038286074,1000,16000,0.5674375,0.5665625,0.567,0.756,completed,
qutrit_circuit_exact,4,20260929,13214661786846621561,11978359732420634253,1000,16000,0.64184375,0.64178125,0.6418125,0.85575,completed,
qutrit_tableau_clifford,4,20260929,13214661786846621561,11978359732420634253,1000,16000,0.5645,0.56415625,0.564328125,0.7524375,completed,
qubit_transpiled,4,20260929,13214661786846621561,11978359732420634253,1000,16000,0.64184375,0.64178125,0.6418125,0.85575,completed,
qubit_tableau_transpiled,4,20260929,13214661786846621561,11978359732420634253,1000,16000,0.5645,0.56415625,0.564328125,0.7524375,completed,
qutrit_circuit_exact,5,20260929,10667908381510880346,3899856246247565909,1000,16000,0.641671875,0.643640625,0.64265625,0.856875,completed,
qutrit_tableau_clifford,5,20260929,10667908381510880346,3899856246247565909,1000,16000,0.56071875,0.563625,0.562171875,0.7495625,completed,
qubit_transpiled,5,20260929,10667908381510880346,3899856246247565909,1000,16000,0.641671875,0.643640625,0.64265625,0.856875,completed,
qubit_tableau_transpiled,5,20260929,10667908381510880346,3899856246247565909,1000,16000,0.56071875,0.563625,0.562171875,0.7495625,completed,
qutrit_circuit_exact,6,20260929,14637025005216705485,4088073896204614875,1000,16000,0.636265625,0.634796875,0.63553125,0.847375,completed,
qutrit_tableau_clifford,6,20260929,14637025005216705485,4088073896204614875,1000,16000,0.558203125,0.565484375,0.56184375,0.749125,completed,
qubit_transpiled,6,20260929,14637025005216705485,4088073896204614875,1000,16000,0.636265625,0.634796875,0.63553125,0.847375,completed,
qubit_tableau_transpiled,6,20260929,14637025005216705485,4088073896204614875,1000,16000,0.558203125,0.565484375,0.56184375,0.749125,completed,
qutrit_circuit_exact,7,20260929,5912614113763916840,5856843849607416533,1000,16000,0.64334375,0.64075,0.642046875,0.8560625,completed,
qutrit_tableau_clifford,7,20260929,5912614113763916840,5856843849607416533,1000,16000,0.563703125,0.567109375,0.56540625,0.753875,completed,
qubit_transpiled,7,20260929,5912614113763916840,5856843849607416533,1000,16000,0.64334375,0.64075,0.642046875,0.8560625,completed,
qubit_tableau_transpiled,7,20260929,5912614113763916840,5856843849607416533,1000,16000,0.563703125,0.567109375,0.56540625,0.753875,completed,
qutrit_circuit_exact,8,20260929,10464073156858766136,6754623117027722423,1000,16000,0.643515625,0.642546875,0.64303125,0.857375,completed,
qutrit_tableau_clifford,8,20260929,10464073156858766136,6754623117027722423,1000,16000,0.563765625,0.560390625,0.562078125,0.7494375,completed,
qubit_transpiled,8,20260929,10464073156858766136,6754623117027722423,1000,16000,0.643515625,0.642546875,0.64303125,0.857375,completed,
qubit_tableau_transpiled,8,20260929,10464073156858766136,6754623117027722423,1000,16000,0.563765625,0.560390625,0.562078125,0.7494375,completed,
qutrit_circuit_exact,9,20260929,18372567786596779386,4292770328391639025,1000,16000,0.639109375,0.640484375,0.639796875,0.8530625,completed,
qutrit_tableau_clifford,9,20260929,18372567786596779386,4292770328391639025,1000,16000,0.566125,0.56609375,0.566109375,0.7548125,completed,
qubit_transpiled,9,20260929,18372567786596779386,4292770328391639025,1000,16000,0.639109375,0.640484375,0.639796875,0.8530625,completed,
qubit_tableau_transpiled,9,20260929,18372567786596779386,4292770328391639025,1000,16000,0.566125,0.56609375,0.566109375,0.7548125,completed,
